Players,ORB%,DRB%,TRB%,AST%,STL%,BLK%,TOV%,FG%,3P%,2P%,eFG%,FT%,Height,Weight
A.J. Hammons,0.05,0.21,0.13,0.04,0,0.07,0.16,0.41,0.5,0.38,0.46,0.45,198,99
A.J. Price,0.02,0.09,0.06,0.23,0.01,0,0.11,0.36,0.24,0.44,0.41,0.63,213,124
Aaron Brooks,0.02,0.06,0.04,0.24,0.01,0.01,0.15,0.4,0.35,0.44,0.48,0.84,183,73
Aaron Gordon,0.07,0.18,0.12,0.09,0.01,0.02,0.1,0.46,0.29,0.52,0.5,0.7,206,99
Aaron Gray,0.14,0.23,0.19,0.1,0.01,0.02,0.23,0.51,0,0.51,0.51,0.56,213,122
Aaron Harrison,0.02,0.16,0.09,0.13,0.02,0,0.07,0.13,0.15,0.11,0.17,0.46,198,95
Aaron Williams,0.06,0.18,0.12,0.05,0.02,0.04,0.17,0.49,,0.49,0.49,0.78,206,99
Acie Law,0.02,0.07,0.04,0.18,0.02,0,0.17,0.41,0.21,0.46,0.44,0.76,190,88
Adam Morrison,0.04,0.12,0.08,0.1,0.01,0,0.13,0.36,0.29,0.39,0.41,0.66,203,92
Adonal Foyle,0.11,0.2,0.16,0.02,0,0.06,0.17,0.58,,0.58,0.58,0.49,208,113
Adonis Thomas,0,0.08,0.04,0.14,0,0,0.08,0.45,0.23,0.57,0.5,1,201,90
Adreian Payne,0.07,0.19,0.13,0.06,0.02,0.02,0.12,0.38,0.14,0.42,0.39,0.64,208,107
Adrian Griffin,0.1,0.13,0.11,0.12,0.03,0.01,0.21,0.39,,0.39,0.39,0.66,196,98
Al Harrington,0.05,0.17,0.11,0.09,0.02,0,0.11,0.41,0.35,0.46,0.49,0.73,206,104
Al Horford,0.08,0.21,0.15,0.15,0.01,0.03,0.12,0.53,0.34,0.54,0.54,0.75,208,111
Al Jefferson,0.08,0.25,0.16,0.11,0.01,0.03,0.07,0.5,0.12,0.5,0.5,0.72,208,131
Al Thornton,0.05,0.12,0.09,0.07,0.01,0.01,0.12,0.47,0.25,0.48,0.48,0.75,203,99
Alan Anderson,0.02,0.1,0.06,0.08,0.01,0,0.09,0.39,0.34,0.44,0.48,0.8,198,99
Alan Williams,0.18,0.35,0.26,0.08,0.02,0.05,0.14,0.47,0,0.47,0.47,0.63,198,90
Alando Tucker,0.08,0.06,0.07,0.05,0,0,0.08,0.42,0.22,0.46,0.44,0.79,203,86
Alec Burks,0.04,0.12,0.08,0.13,0.01,0.01,0.12,0.42,0.36,0.44,0.46,0.76,198,97
Alex Abrines,0.02,0.07,0.05,0.06,0.02,0.01,0.08,0.39,0.38,0.43,0.53,0.9,198,86
Alex Acker,0.03,0.1,0.07,0.1,0.03,0.02,0.06,0.39,0.26,0.46,0.42,0.5,196,83
Alex Kirk,0.08,0,0.04,0.1,0,0,0,0.25,,0.25,0.25,1,213,111
Alex Len,0.11,0.23,0.17,0.04,0.01,0.04,0.17,0.46,0.24,0.47,0.46,0.7,216,117
Alex Poythress,0.08,0.13,0.1,0.05,0.01,0.01,0.05,0.46,0.32,0.54,0.52,0.8,201,107
Alex Stepheson,0.23,0.13,0.18,0.03,0.01,0.08,0,0.55,,0.55,0.55,0.24,208,122
Alexander Johnson,0.07,0.14,0.1,0.04,0.01,0.02,0.21,0.49,,0.49,0.49,0.69,206,108
Alexey Shved,0.03,0.1,0.06,0.22,0.02,0.01,0.13,0.37,0.32,0.41,0.44,0.79,198,86
Alexis Ajinca,0.08,0.21,0.14,0.05,0.02,0.04,0.13,0.47,0.16,0.48,0.48,0.67,218,112
Al-Farouq Aminu,0.07,0.2,0.13,0.08,0.02,0.02,0.15,0.43,0.29,0.46,0.47,0.73,206,99
Allen Crabbe,0.01,0.1,0.05,0.08,0.01,0.01,0.08,0.43,0.4,0.45,0.52,0.8,198,95
Allen Iverson*,0.02,0.07,0.05,0.24,0.02,0,0.14,0.45,0.41,0.47,0.47,0.74,183,74
Alonzo Gee,0.06,0.11,0.09,0.06,0.02,0.01,0.18,0.42,0.31,0.45,0.45,0.69,198,102
Alonzo Mourning*,0.1,0.19,0.14,0.03,0.01,0.09,0.16,0.55,,0.55,0.55,0.59,208,108
Amar'e Stoudemire,0.09,0.19,0.14,0.07,0.01,0.03,0.12,0.55,0.18,0.55,0.55,0.76,208,111
Amir Johnson,0.11,0.19,0.15,0.08,0.01,0.04,0.16,0.58,0.27,0.59,0.59,0.67,206,108
Anderson Varejao,0.11,0.23,0.17,0.1,0.02,0.02,0.14,0.48,0.02,0.49,0.48,0.67,208,123
Andray Blatche,0.09,0.19,0.14,0.11,0.02,0.03,0.14,0.46,0.24,0.47,0.47,0.72,211,106
Andre Barrett,0,0.05,0.02,0.44,0,0,0.15,0.4,0.33,0.5,0.5,0.5,178,78
Andre Brown,0.18,0.18,0.18,0.04,0.01,0.01,0.26,0.32,,0.32,0.32,0.72,206,111
Andre Dawkins,0,0.11,0.06,0.07,0,0,0.14,0.17,0.17,,0.25,,196,97
Andre Drummond,0.16,0.31,0.23,0.04,0.02,0.04,0.11,0.56,0.22,0.56,0.56,0.38,211,126
Andre Emmett,0.05,0.11,0.08,0.04,0.02,0.02,0.16,0.57,0,0.67,0.57,0.63,196,104
Andre Iguodala,0.03,0.14,0.08,0.2,0.02,0.01,0.14,0.47,0.34,0.53,0.52,0.66,198,97
Andre Miller,0.04,0.1,0.07,0.31,0.02,0,0.2,0.49,0.28,0.51,0.5,0.78,206,102
Andre Owens,0.04,0.1,0.07,0.18,0.02,0.01,0.16,0.37,0.45,0.33,0.46,0.74,193,90
Andre Roberson,0.07,0.14,0.11,0.05,0.02,0.02,0.14,0.48,0.24,0.6,0.52,0.55,196,83
Andrea Bargnani,0.04,0.15,0.09,0.08,0.01,0.02,0.1,0.44,0.32,0.47,0.48,0.83,213,111
Andrei Kirilenko,0.06,0.14,0.1,0.13,0.02,0.03,0.15,0.42,0.3,0.45,0.44,0.73,206,99
Andres Nocioni,0.03,0.19,0.11,0.07,0.01,0.01,0.13,0.4,0.36,0.43,0.47,0.75,201,102
Andrew Bogut,0.09,0.25,0.17,0.11,0.01,0.04,0.2,0.52,0.25,0.53,0.52,0.48,213,117
Andrew Bynum,0.12,0.24,0.19,0.09,0.01,0.04,0.13,0.52,0.1,0.52,0.52,0.72,213,129
Andrew Goudelock,0.08,0.03,0.05,0.07,0.02,0.01,0.12,0.28,0.24,0.38,0.32,0.83,190,90
Andrew Harrison,0.02,0.09,0.05,0.2,0.02,0.01,0.16,0.33,0.28,0.36,0.39,0.76,198,96
Andrew Nicholson,0.05,0.17,0.11,0.05,0.01,0.02,0.12,0.43,0.26,0.48,0.46,0.75,206,113
Andrew Wiggins,0.04,0.09,0.07,0.1,0.01,0.01,0.11,0.45,0.32,0.47,0.47,0.76,203,90
Andris Biedrins,0.09,0.27,0.18,0.05,0.01,0.04,0.21,0.63,0,0.63,0.63,0.32,211,108
Andy Rautins,0,0.05,0.02,0.19,0.02,0,0.47,0.43,0.25,0.67,0.5,0.5,193,86
Anfernee Hardaway,0.01,0.12,0.07,0.17,0.03,0,0.17,0.37,0.42,0.34,0.43,0.89,201,88
Antawn Jamison,0.06,0.2,0.13,0.07,0.02,0.01,0.07,0.43,0.33,0.48,0.48,0.69,203,101
Anthony Bennett,0.08,0.21,0.15,0.05,0.02,0.01,0.12,0.37,0.26,0.44,0.41,0.73,203,111
Anthony Brown,0.06,0.2,0.13,0.1,0.01,0,0.1,0.36,0.28,0.45,0.43,0.85,206,111
Anthony Carter,0.02,0.11,0.07,0.25,0.03,0.01,0.25,0.41,0.3,0.46,0.46,0.88,185,86
Anthony Davis,0.08,0.25,0.17,0.09,0.02,0.06,0.08,0.51,0.19,0.52,0.52,0.78,206,97
Anthony Johnson,0.02,0.09,0.06,0.24,0.02,0,0.19,0.43,0.42,0.44,0.5,0.83,196,97
Anthony Morrow,0.03,0.06,0.04,0.06,0.01,0,0.06,0.44,0.38,0.47,0.52,0.9,196,95
Anthony Parker,0.02,0.11,0.07,0.14,0.02,0,0.12,0.43,0.4,0.46,0.52,0.77,198,97
Anthony Randolph,0.09,0.22,0.15,0.08,0.02,0.04,0.15,0.44,0.14,0.45,0.45,0.7,208,92
Anthony Roberson,0.05,0.12,0.08,0.1,0.01,0,0.06,0.35,0.29,0.45,0.44,1,196,83
Anthony Tolliver,0.04,0.17,0.1,0.06,0.01,0.01,0.1,0.37,0.32,0.47,0.47,0.74,203,108
Antoine Walker,0.07,0.15,0.11,0.08,0.02,0.01,0.1,0.36,0.32,0.4,0.44,0.53,193,86
Antoine Wright,0.04,0.09,0.07,0.08,0.01,0.01,0.13,0.38,0.29,0.44,0.42,0.68,201,95
Antonio Anderson,0.08,0,0.04,0,0,0,0.25,0.33,,0.33,0.33,,188,83
Antonio Daniels,0.01,0.1,0.05,0.22,0.01,0,0.17,0.42,0.28,0.49,0.45,0.83,193,88
Antonio McDyess,0.11,0.24,0.17,0.08,0.01,0.02,0.12,0.49,0,0.49,0.49,0.66,206,99
Archie Goodwin,0.04,0.09,0.06,0.13,0.01,0.02,0.14,0.46,0.3,0.5,0.5,0.76,196,90
Arinze Onuaku,0.07,0.22,0.14,0.1,0,0.01,0.15,0.36,,0.36,0.36,0.46,206,115
Armon Johnson,0.02,0.14,0.08,0.15,0.04,0,0.24,0.59,0.36,0.6,0.61,0.86,196,107
Arnett Moultrie,0.11,0.15,0.13,0.02,0.02,0.02,0.13,0.5,,0.5,0.5,0.72,211,112
Aron Baynes,0.11,0.2,0.16,0.06,0.01,0.02,0.16,0.5,0.08,0.51,0.5,0.79,208,117
Arron Afflalo,0.02,0.1,0.06,0.1,0.01,0,0.1,0.44,0.37,0.48,0.51,0.83,196,95
Austin Croshere,0.13,0.26,0.19,0.14,0.01,0.01,0.13,0.36,0.29,0.41,0.41,0.53,206,106
Austin Daye,0.04,0.18,0.11,0.09,0.01,0.02,0.11,0.38,0.33,0.43,0.45,0.74,211,99
Austin Rivers,0.02,0.08,0.05,0.15,0.01,0.01,0.12,0.41,0.33,0.45,0.46,0.65,193,90
Avery Bradley,0.03,0.09,0.06,0.1,0.02,0.01,0.12,0.43,0.32,0.46,0.48,0.74,188,81
Awvee Storey,0.14,0.11,0.12,0.1,0.01,0,0.09,0.44,0,0.48,0.44,0.48,198,100
Axel Toupane,0.01,0.03,0.02,0.02,0.01,0.01,0.02,0.38,0.23,0.67,0.44,0.77,201,89
Baron Davis,0.02,0.09,0.06,0.39,0.03,0.01,0.17,0.4,0.32,0.45,0.46,0.76,190,94
Ben Bentil,0,0.24,0.12,0,0,0,0.25,0,0,0,0,,206,106
Ben Gordon,0.02,0.09,0.05,0.15,0.01,0,0.14,0.42,0.37,0.44,0.48,0.85,190,90
Ben Hansbrough,0.01,0.09,0.05,0.16,0.02,0.01,0.24,0.33,0.26,0.41,0.4,0.78,190,92
Ben McLemore,0.02,0.09,0.06,0.07,0.01,0.01,0.13,0.42,0.36,0.47,0.49,0.77,196,88
Ben Uzoh,0.09,0.14,0.12,0.27,0.03,0.01,0.11,0.38,0.13,0.38,0.38,0.58,190,92
Ben Wallace,0.12,0.21,0.16,0.07,0.02,0.04,0.17,0.44,0.15,0.44,0.44,0.4,206,108
Beno Udrih,0.02,0.09,0.05,0.28,0.01,0,0.17,0.46,0.39,0.48,0.5,0.85,190,92
Bernard James,0.12,0.18,0.15,0.03,0.01,0.06,0.18,0.48,0,0.49,0.48,0.68,208,108
Billy Thomas,0,0.04,0.02,0,0.01,0,0.19,0.17,0.19,0,0.26,1,193,94
Bismack Biyombo,0.11,0.25,0.18,0.03,0.01,0.06,0.17,0.52,0,0.52,0.52,0.54,206,115
Blake Ahearn,0,0.09,0.04,0.13,0.02,0,0.19,0.29,0.34,0.21,0.4,0.98,188,86
Blake Griffin,0.08,0.22,0.15,0.22,0.01,0.01,0.11,0.52,0.28,0.52,0.52,0.68,208,113
Bo Outlaw,0,0,0,0,0,0,0.25,0.67,,0.67,0.67,,203,95
Boban Marjanovic,0.17,0.29,0.23,0.06,0.01,0.03,0.09,0.57,,0.57,0.57,0.79,221,131
Bobby Brown,0.02,0.06,0.04,0.24,0.01,0,0.14,0.38,0.32,0.42,0.45,0.86,193,92
Bobby Jackson,0.03,0.13,0.08,0.16,0.02,0,0.1,0.4,0.34,0.45,0.48,0.8,185,83
Bobby Jones,0.04,0.13,0.09,0.07,0.03,0,0.16,0.42,0.27,0.5,0.46,0.78,206,95
Bobby Portis,0.1,0.22,0.16,0.07,0.01,0.01,0.09,0.46,0.32,0.49,0.49,0.69,211,104
Bobby Simmons,0.04,0.11,0.07,0.09,0.01,0,0.09,0.31,0.29,0.4,0.39,0.74,201,95
Bojan Bogdanovic,0.02,0.12,0.07,0.07,0.01,0,0.12,0.45,0.37,0.51,0.53,0.87,198,92
Bonzi Wells,0.06,0.17,0.12,0.09,0.03,0.02,0.13,0.45,0.26,0.47,0.46,0.65,196,95
Boris Diaw,0.05,0.14,0.1,0.19,0.01,0.01,0.19,0.5,0.36,0.54,0.54,0.7,203,113
Bostjan Nachbar,0.04,0.14,0.09,0.09,0.01,0.01,0.11,0.4,0.36,0.44,0.48,0.79,206,100
Brad Miller,0.07,0.2,0.13,0.18,0.01,0.01,0.17,0.44,0.36,0.44,0.49,0.83,211,110
Bradley Beal,0.03,0.1,0.06,0.15,0.02,0.01,0.11,0.44,0.4,0.46,0.51,0.79,196,93
Brandan Wright,0.09,0.16,0.12,0.05,0.01,0.05,0.09,0.59,0,0.6,0.59,0.66,211,102
Branden Dawson,0.08,0.07,0.08,0,0,0.03,0,0.4,,0.4,0.4,1,198,102
Brandon Bass,0.08,0.16,0.12,0.06,0.01,0.02,0.11,0.51,0.12,0.51,0.51,0.84,203,113
Brandon Davies,0.08,0.14,0.11,0.1,0.02,0.02,0.17,0.39,0.23,0.43,0.42,0.67,208,108
Brandon Ingram,0.03,0.13,0.08,0.11,0.01,0.01,0.13,0.4,0.29,0.44,0.44,0.62,206,86
Brandon Jennings,0.02,0.1,0.06,0.31,0.02,0,0.14,0.37,0.33,0.41,0.44,0.77,185,77
Brandon Knight,0.02,0.1,0.06,0.24,0.02,0,0.15,0.41,0.36,0.44,0.47,0.82,178,78
Brandon Roy,0.03,0.11,0.07,0.24,0.01,0,0.1,0.42,0.28,0.47,0.45,0.78,198,97
Brandon Rush,0.02,0.12,0.07,0.07,0.01,0.02,0.14,0.42,0.32,0.46,0.5,0.66,198,99
Brendan Haywood,0.12,0.2,0.16,0.04,0.01,0.05,0.15,0.52,0,0.52,0.52,0.54,213,121
Brent Barry,0.03,0.1,0.06,0.15,0.02,0,0.15,0.44,0.4,0.56,0.59,0.95,198,83
Brevin Knight,0.01,0.09,0.05,0.3,0.03,0,0.2,0.38,0,0.39,0.38,0.81,178,78
Brian Cardinal,0.04,0.12,0.08,0.1,0.02,0.01,0.15,0.36,0.33,0.4,0.47,0.85,203,111
Brian Cook,0.05,0.18,0.11,0.06,0.01,0.02,0.13,0.34,0.32,0.36,0.41,0.85,206,106
Brian Roberts,0.01,0.08,0.05,0.21,0.01,0,0.12,0.42,0.36,0.45,0.48,0.89,185,78
Brian Scalabrine,0.04,0.11,0.07,0.11,0.01,0.02,0.18,0.41,0.24,0.48,0.47,0.7,206,109
Brian Skinner,0.05,0.11,0.09,0.02,0.01,0.03,0.13,0.33,0.33,0.33,0.33,0.64,206,115
Briante Weber,0.03,0.15,0.09,0.25,0.02,0.01,0.12,0.49,0.05,0.54,0.49,0.71,188,74
Brice Johnson,0.13,0.24,0.19,0.19,0.11,0.09,0.13,0.29,,0.29,0.29,,208,95
Brook Lopez,0.09,0.15,0.12,0.09,0.01,0.04,0.1,0.51,0.07,0.52,0.52,0.78,213,124
Bruce Bowen,0.01,0.1,0.06,0.05,0.01,0.01,0.1,0.41,0.42,0.41,0.52,0.6,201,83
Bruno Caboclo,0.07,0.07,0.07,0.06,0.02,0.03,0.2,0.26,0.38,0.21,0.33,,206,98
Bryce Cotton,0.01,0.03,0.02,0.1,0.02,0,0.21,0.52,0.12,0.61,0.53,0.83,185,74
Bryce Dejean-Jones,0.03,0.17,0.1,0.08,0.02,0.01,0.12,0.41,0.38,0.43,0.49,0.52,198,94
Bryn Forbes,0.01,0.08,0.05,0.12,0,0,0.1,0.36,0.32,0.41,0.45,0.83,190,86
Buddy Hield,0.02,0.14,0.08,0.1,0.01,0,0.12,0.43,0.4,0.47,0.53,0.85,193,97
Byron Mullens,0.07,0.19,0.13,0.05,0.02,0.02,0.14,0.4,0.33,0.45,0.45,0.56,213,124
C.J. McCollum,0.02,0.09,0.05,0.15,0.02,0.01,0.12,0.45,0.4,0.47,0.52,0.78,190,86
C.J. Miles,0.02,0.11,0.07,0.09,0.02,0.01,0.09,0.42,0.36,0.47,0.51,0.81,185,79
C.J. Watson,0.02,0.08,0.05,0.19,0.02,0,0.14,0.41,0.36,0.44,0.47,0.81,211,117
C.J. Wilcox,0.02,0.07,0.05,0.12,0.02,0.01,0.13,0.36,0.32,0.39,0.43,0.92,203,90
Calvin Booth,0.31,0.11,0.23,0.01,0.01,0.03,0.08,0.44,,0.44,0.44,0.7,211,104
Cameron Bairstow,0.07,0.14,0.11,0.05,0.01,0.02,0.12,0.27,0.2,0.28,0.28,0.84,206,113
Cameron Payne,0.01,0.11,0.06,0.19,0.02,0.01,0.13,0.35,0.32,0.38,0.42,0.67,190,83
Caris LeVert,0.02,0.14,0.08,0.14,0.02,0.01,0.12,0.45,0.32,0.57,0.53,0.72,201,92
Carl Landry,0.1,0.15,0.12,0.05,0.01,0.01,0.11,0.53,0.18,0.54,0.54,0.78,206,112
Carldell Johnson,0.01,0.08,0.05,0.29,0.04,0,0.16,0.31,0.27,0.35,0.37,0.33,178,81
Carlos Arroyo,0.02,0.08,0.05,0.2,0.01,0,0.18,0.43,0.42,0.43,0.47,0.85,188,91
Carlos Boozer,0.08,0.27,0.18,0.13,0.02,0.01,0.12,0.51,0,0.51,0.51,0.71,206,117
Carlos Delfino,0.02,0.15,0.09,0.12,0.02,0.01,0.11,0.4,0.37,0.44,0.5,0.8,198,104
Carmelo Anthony,0.05,0.17,0.11,0.17,0.01,0.01,0.1,0.45,0.36,0.47,0.49,0.82,203,108
Caron Butler,0.03,0.14,0.08,0.1,0.02,0.01,0.1,0.42,0.34,0.45,0.48,0.84,201,103
Carrick Felix,0.03,0.15,0.09,0.18,0,0,0.2,0.5,0.4,0.56,0.57,0.75,198,91
Cartier Martin,0.04,0.12,0.08,0.06,0.01,0.01,0.1,0.4,0.37,0.44,0.5,0.72,201,99
Casey Jacobsen,0.02,0.11,0.07,0.05,0.01,0,0.12,0.34,0.22,0.54,0.41,0.77,198,97
Casper Ware,0,0.09,0.04,0.14,0.03,0,0.1,0.43,0.33,0.52,0.51,0.83,178,79
Cedric Jackson,0.03,0.1,0.07,0.27,0.02,0.02,0.27,0.24,0.13,0.28,0.26,0.58,190,86
Cedric Simmons,0.07,0.15,0.11,0.02,0.01,0.03,0.18,0.31,,0.31,0.31,0.23,206,106
Chandler Parsons,0.03,0.14,0.08,0.14,0.02,0.01,0.11,0.45,0.36,0.51,0.52,0.71,208,104
Channing Frye,0.04,0.19,0.11,0.07,0.01,0.02,0.1,0.44,0.38,0.49,0.54,0.83,211,115
Charles Jenkins,0.02,0.06,0.04,0.19,0.02,0,0.13,0.41,0.38,0.42,0.41,0.62,190,99
Charlie Bell,0.03,0.08,0.05,0.13,0.02,0,0.12,0.36,0.34,0.38,0.44,0.71,190,90
Charlie Villanueva,0.05,0.21,0.13,0.07,0.01,0.02,0.08,0.41,0.33,0.48,0.49,0.74,211,105
Chase Budinger,0.04,0.14,0.09,0.09,0.01,0.01,0.11,0.43,0.33,0.51,0.5,0.76,201,94
Chasson Randle,0.02,0.09,0.05,0.16,0.02,0.01,0.13,0.42,0.35,0.49,0.51,0.96,188,83
Chauncey Billups,0.01,0.09,0.05,0.26,0.02,0,0.15,0.4,0.37,0.42,0.49,0.91,190,91
Cheick Diallo,0.12,0.27,0.19,0.03,0.01,0.03,0.08,0.47,,0.47,0.47,0.71,206,99
Cheikh Samb,0.13,0.19,0.16,0.02,0.02,0.08,0.09,0.27,0,0.28,0.27,0.38,216,111
Chinanu Onuaku,0.04,0.17,0.11,0.08,0.03,0.02,0.31,0.71,,0.71,0.71,1,208,111
Chris Andersen,0.1,0.21,0.16,0.04,0.01,0.06,0.12,0.52,0.23,0.54,0.53,0.67,208,111
Chris Babb,0.03,0.12,0.07,0.03,0.02,0,0.09,0.27,0.22,0.67,0.37,,196,102
Chris Bosh,0.06,0.21,0.14,0.1,0.01,0.02,0.1,0.5,0.32,0.51,0.51,0.81,211,106
Chris Copeland,0.03,0.1,0.07,0.1,0.01,0.01,0.12,0.41,0.36,0.49,0.51,0.77,206,108
Chris Douglas-Roberts,0.02,0.1,0.06,0.09,0.01,0.01,0.09,0.39,0.23,0.45,0.42,0.83,201,90
Chris Duhon,0.01,0.08,0.05,0.24,0.01,0,0.23,0.39,0.35,0.43,0.49,0.7,185,83
Chris Hunter,0.08,0.16,0.12,0.07,0.01,0.03,0.11,0.5,0,0.51,0.5,0.75,211,108
Chris Johnson,0.06,0.14,0.1,0.04,0.02,0.03,0.16,0.46,0.3,0.54,0.5,0.8,183,77
Chris Kaman,0.08,0.24,0.16,0.11,0.01,0.04,0.16,0.49,0.05,0.49,0.49,0.78,213,120
Chris McCullough,0.08,0.17,0.12,0.03,0.03,0.02,0.15,0.36,0.17,0.54,0.38,0.56,211,90
Chris Mihm,0.14,0.2,0.17,0.1,0.01,0.04,0.16,0.36,,0.36,0.36,0.76,213,120
Chris Paul,0.02,0.12,0.07,0.48,0.03,0,0.13,0.48,0.38,0.51,0.53,0.87,183,79
Chris Quinn,0.01,0.07,0.04,0.2,0.02,0,0.15,0.36,0.28,0.41,0.43,0.84,188,83
Chris Richard,0.1,0.19,0.14,0.05,0.01,0.02,0.24,0.49,,0.49,0.49,0.61,206,122
Chris Singleton,0.06,0.16,0.11,0.05,0.02,0.02,0.14,0.38,0.3,0.39,0.42,0.66,203,104
Chris Smith,0,0,0,0,0,0,0,,,,,,208,104
Chris Webber,0.02,0.27,0.14,0.19,0.02,0.04,0.23,0.48,,0.48,0.48,0.42,206,111
Chris Wilcox,0.1,0.2,0.15,0.06,0.01,0.02,0.15,0.56,0,0.56,0.56,0.58,208,100
Chris Wright,0.07,0.08,0.08,0.03,0.02,0.03,0.19,0.54,0,0.54,0.54,0.59,203,102
Christian Eyenga,0.04,0.1,0.07,0.07,0.01,0.03,0.11,0.33,0.28,0.36,0.35,0.62,196,95
Christian Wood,0.12,0.17,0.15,0.03,0.02,0.04,0.11,0.47,0.18,0.55,0.49,0.68,211,99
Chuck Hayes,0.09,0.21,0.15,0.1,0.02,0.01,0.21,0.46,0,0.46,0.46,0.66,198,108
Chucky Atkins,0.01,0.06,0.03,0.22,0.01,0,0.16,0.33,0.28,0.38,0.4,0.85,180,72
Cleanthony Early,0.03,0.15,0.09,0.07,0.01,0.02,0.16,0.33,0.26,0.37,0.38,0.75,203,95
Cliff Alexander,0.06,0.12,0.09,0,0.01,0.04,0.09,0.5,,0.5,0.5,,203,111
Clint Capela,0.13,0.26,0.2,0.05,0.01,0.06,0.11,0.57,0,0.57,0.57,0.36,206,98
Coby Karl,0.03,0.22,0.13,0.14,0.01,0.01,0.38,0.34,0.22,0.41,0.39,0.71,196,97
Cody Zeller,0.08,0.19,0.14,0.09,0.02,0.03,0.12,0.5,0.28,0.5,0.5,0.73,213,108
Cole Aldrich,0.1,0.26,0.18,0.06,0.02,0.05,0.2,0.54,,0.54,0.54,0.69,211,113
Corey Brewer,0.04,0.11,0.07,0.11,0.03,0.01,0.12,0.42,0.27,0.48,0.46,0.72,206,84
Corey Maggette,0.03,0.14,0.09,0.11,0.01,0,0.13,0.44,0.31,0.46,0.46,0.82,198,98
Cory Higgins,0.03,0.08,0.05,0.22,0.03,0.01,0.09,0.32,0.2,0.35,0.34,0.6,196,81
Cory Jefferson,0.11,0.21,0.16,0.02,0.01,0.02,0.05,0.43,0.07,0.45,0.43,0.62,206,98
Cory Joseph,0.03,0.1,0.07,0.19,0.02,0.01,0.13,0.44,0.3,0.47,0.47,0.77,190,87
Coty Clarke,0,0.18,0.09,0,0,0,0.2,0.5,1,0,0.75,,201,105
Courtney Fortson,0.07,0.11,0.09,0.16,0.02,0,0.21,0.35,0.23,0.43,0.4,0.67,180,83
Courtney Lee,0.02,0.09,0.05,0.09,0.02,0.01,0.1,0.46,0.39,0.49,0.52,0.85,196,90
Courtney Sims,0.11,0.12,0.12,0.03,0,0,0.29,0.33,,0.33,0.33,,208,111
Craig Brackins,0.07,0.1,0.08,0.09,0.01,0,0.05,0.26,0.17,0.31,0.28,0.5,208,104
Craig Smith,0.08,0.17,0.13,0.09,0.01,0.01,0.14,0.55,0.04,0.56,0.55,0.69,201,113
Cristiano Felicio,0.11,0.21,0.16,0.09,0.01,0.02,0.12,0.57,0,0.58,0.57,0.68,208,124
Cuttino Mobley,0.02,0.08,0.05,0.09,0.02,0.01,0.11,0.43,0.35,0.46,0.47,0.77,193,86
D.J. Augustin,0.01,0.07,0.04,0.26,0.01,0,0.16,0.39,0.36,0.42,0.47,0.86,206,106
D.J. Kennedy,0.02,0.12,0.07,0.08,0.02,0,0.19,0.42,0.5,0.38,0.5,0,211,111
D.J. Stephens,0.07,0.32,0.19,0,0,0,0,0.43,,0.43,0.43,1,203,97
D.J. Strawberry,0.04,0.07,0.06,0.15,0.02,0.02,0.1,0.32,0.24,0.34,0.35,0.47,211,113
D.J. White,0.07,0.18,0.12,0.06,0.02,0.02,0.06,0.46,0.33,0.46,0.46,0.7,190,90
Daequan Cook,0.02,0.13,0.07,0.07,0.01,0.01,0.08,0.35,0.34,0.38,0.46,0.77,190,83
Dahntay Jones,0.03,0.1,0.07,0.08,0.01,0.01,0.1,0.4,0.27,0.44,0.42,0.76,190,83
DaJuan Summers,0.02,0.15,0.09,0.09,0.01,0,0.09,0.36,0.37,0.37,0.4,0.65,203,104
Damian Jones,0.12,0.17,0.15,0,0.01,0.04,0.23,0.5,,0.5,0.5,0.3,190,83
Damian Lillard,0.02,0.11,0.06,0.29,0.01,0.01,0.12,0.43,0.37,0.47,0.51,0.87,190,88
Damien Inglis,0.02,0.21,0.11,0.09,0.02,0.02,0.21,0.35,0.23,0.42,0.39,0.88,203,111
Damien Wilkins,0.04,0.1,0.07,0.11,0.02,0.01,0.12,0.43,0.31,0.44,0.46,0.74,208,99
Damion James,0.04,0.21,0.12,0.06,0.01,0.02,0.17,0.35,0,0.38,0.35,0.77,201,102
Damjan Rudez,0.02,0.06,0.04,0.08,0.01,0,0.14,0.4,0.35,0.55,0.53,0.85,208,103
Damon Jones,0,0.06,0.03,0.12,0.01,0,0.12,0.37,0.41,0.21,0.53,0.71,190,83
Damon Stoudamire,0.02,0.11,0.07,0.24,0.01,0,0.18,0.35,0.32,0.37,0.42,0.78,178,77
Dan Dickau,0.01,0.09,0.05,0.28,0.02,0,0.14,0.42,0.33,0.47,0.48,0.83,183,86
Dan Gadzuric,0.14,0.21,0.17,0.04,0.02,0.04,0.17,0.37,0,0.37,0.37,0.37,211,108
D'Angelo Russell,0.02,0.12,0.07,0.24,0.02,0.01,0.16,0.41,0.35,0.45,0.48,0.76,188,86
Daniel Gibson,0.01,0.08,0.05,0.13,0.01,0.01,0.11,0.4,0.41,0.38,0.51,0.76,188,86
Daniel Ochefu,0.08,0.25,0.17,0.06,0.01,0,0.1,0.44,,0.44,0.44,0,211,111
Daniel Orton,0.11,0.15,0.13,0.06,0.02,0.04,0.16,0.49,0,0.5,0.49,0.58,208,115
Danilo Gallinari,0.03,0.14,0.08,0.09,0.01,0.01,0.09,0.42,0.37,0.46,0.51,0.87,208,102
Danny Granger,0.04,0.13,0.08,0.09,0.01,0.02,0.11,0.4,0.35,0.43,0.47,0.84,206,100
Danny Green,0.04,0.12,0.08,0.08,0.02,0.02,0.12,0.42,0.38,0.48,0.54,0.79,206,100
Dante Cunningham,0.07,0.15,0.1,0.05,0.02,0.02,0.08,0.47,0.1,0.5,0.49,0.66,203,104
Dante Exum,0.02,0.08,0.05,0.15,0.01,0.01,0.19,0.39,0.3,0.46,0.47,0.71,198,86
Danuel House,0,1,0.56,0,0,0,0,,,,,,201,93
Darington Hobson,0,0.09,0.04,0.21,0,0,0.13,0.15,0,0.29,0.15,,201,95
Dario Saric,0.06,0.21,0.13,0.14,0.01,0.01,0.15,0.41,0.31,0.47,0.47,0.78,208,101
Darius Johnson-Odom,0.09,0.34,0.22,0.15,0.02,0,0.1,0,0,0,0,0,201,95
Darius Miles,0.08,0.16,0.12,0.1,0.02,0.06,0.16,0.49,0.17,0.51,0.49,0.74,206,95
Darius Miller,0.01,0.07,0.04,0.08,0.01,0.01,0.13,0.33,0.24,0.38,0.39,0.9,203,106
Darius Morris,0.03,0.07,0.05,0.2,0.02,0,0.2,0.38,0.29,0.46,0.43,0.57,193,86
Darius Songaila,0.05,0.14,0.09,0.09,0.02,0.01,0.15,0.49,0.06,0.49,0.49,0.78,206,112
Darius Washington,0.03,0.13,0.08,0.17,0.02,0,0.21,0.44,0.33,0.47,0.48,0.54,188,88
Darko Milicic,0.07,0.19,0.13,0.07,0.01,0.03,0.21,0.42,0,0.42,0.42,0.53,213,113
Darnell Jackson,0.1,0.13,0.11,0.03,0.01,0.01,0.17,0.35,0.17,0.36,0.36,0.66,206,114
Darrell Armstrong,0.04,0.11,0.07,0.21,0.03,0,0.25,0.36,0.33,0.42,0.47,0.67,183,77
Darrell Arthur,0.07,0.16,0.11,0.07,0.02,0.03,0.11,0.44,0.22,0.45,0.47,0.75,206,106
Darren Collison,0.02,0.08,0.05,0.26,0.02,0,0.15,0.47,0.38,0.49,0.51,0.85,183,79
Darrick Martin,0.03,0.03,0.03,0.21,0.02,0,0.02,0.23,0.13,0.3,0.26,0.83,180,77
Darrun Hilliard,0.01,0.11,0.06,0.12,0.01,0,0.14,0.39,0.32,0.42,0.45,0.74,198,92
Darryl Watkins,0.09,0.17,0.13,0.02,0.02,0.03,0.28,0.42,,0.42,0.42,0.45,211,117
David Andersen,0.06,0.21,0.14,0.06,0.01,0.02,0.13,0.46,0.34,0.49,0.49,0.7,208,104
David Harrison,0.07,0.12,0.09,0.03,0.01,0.06,0.22,0.53,,0.53,0.53,0.51,213,127
David Lee,0.1,0.24,0.17,0.14,0.01,0.01,0.13,0.53,0.03,0.54,0.54,0.76,201,102
David Nwaba,0.04,0.13,0.09,0.05,0.02,0.01,0.1,0.58,0.2,0.61,0.59,0.64,193,94
David Stockton,0,0.07,0.03,0.39,0.03,0,0.32,0.33,0.5,0.25,0.42,0.5,180,74
David Wear,0.34,0,0.16,0.19,0,0,0,0,0,0,0,,208,104
David West,0.07,0.19,0.13,0.15,0.01,0.02,0.12,0.5,0.27,0.5,0.5,0.81,206,113
Davis Bertans,0.03,0.11,0.07,0.08,0.01,0.03,0.11,0.44,0.4,0.56,0.59,0.82,208,95
DeAndre' Bembry,0.04,0.13,0.09,0.12,0.01,0.01,0.13,0.48,0.06,0.58,0.49,0.38,198,95
DeAndre Jordan,0.13,0.27,0.2,0.03,0.01,0.05,0.16,0.67,0.04,0.67,0.67,0.43,211,120
DeAndre Liggins,0.22,0.11,0.19,0.06,0.03,0.01,0.14,0.53,0.22,0.58,0.57,0.58,198,94
Dee Brown,0.02,0.08,0.05,0.18,0.01,0,0.27,0.32,0.28,0.3,0.4,0.64,185,72
Dejounte Murray,0.02,0.12,0.07,0.23,0.01,0.02,0.23,0.43,0.39,0.44,0.47,0.7,196,77
DeJuan Blair,0.12,0.22,0.17,0.07,0.02,0.01,0.16,0.5,0,0.5,0.5,0.59,201,122
Delon Wright,0.04,0.11,0.08,0.2,0.02,0.02,0.15,0.44,0.36,0.46,0.47,0.75,196,83
Delonte West,0.02,0.1,0.06,0.22,0.02,0.01,0.17,0.44,0.36,0.47,0.49,0.8,193,81
DeMar DeRozan,0.03,0.11,0.07,0.14,0.01,0.01,0.1,0.45,0.26,0.46,0.46,0.82,201,100
DeMarcus Cousins,0.1,0.28,0.19,0.19,0.02,0.03,0.15,0.46,0.24,0.47,0.48,0.74,211,122
DeMarcus Nelson,0.04,0.11,0.08,0.11,0.03,0.01,0.2,0.44,0,0.47,0.44,0.36,193,90
DeMarre Carroll,0.05,0.12,0.09,0.11,0.02,0.01,0.08,0.43,0.31,0.46,0.47,0.8,203,97
Demetris Nichols,0,0.13,0.06,0.09,0,0.04,0.08,0.28,0.09,0.36,0.31,0.5,203,97
Demetrius Jackson,0.13,0.13,0.13,0.28,0,0,0,0.75,1,0.67,0.88,0.5,185,91
Dennis Horner,0.1,0.16,0.13,0,0,0,0.15,0.25,0,0.33,0.25,0.75,206,104
Dennis Schroder,0.02,0.1,0.06,0.32,0.02,0,0.18,0.42,0.31,0.46,0.46,0.79,185,78
Denzel Valentine,0.01,0.16,0.08,0.09,0.02,0.01,0.14,0.35,0.35,0.36,0.48,0.78,198,96
DeQuan Jones,0.02,0.12,0.07,0.03,0.01,0.02,0.11,0.44,0.26,0.47,0.46,0.67,203,100
Derek Anderson,0.03,0.13,0.08,0.18,0.02,0,0.15,0.38,0.37,0.38,0.45,0.74,196,87
Derek Fisher,0.01,0.07,0.04,0.14,0.02,0,0.13,0.38,0.37,0.38,0.45,0.87,185,90
DerMarr Johnson,0,0.04,0.02,0.07,0.02,0,0,0.5,0.33,0.8,0.61,0,193,83
Deron Williams,0.01,0.1,0.06,0.4,0.02,0.01,0.17,0.44,0.35,0.48,0.5,0.83,190,90
Derrick Brown,0.08,0.11,0.1,0.08,0.02,0.01,0.16,0.55,0.42,0.56,0.58,0.59,185,72
Derrick Byars,0.19,0.15,0.17,0.04,0.03,0,0,0.27,0,0.6,0.27,1,201,99
Derrick Caracter,0.1,0.12,0.11,0.05,0.01,0.04,0.2,0.49,,0.49,0.49,0.74,206,124
Derrick Favors,0.11,0.21,0.16,0.07,0.02,0.04,0.13,0.51,0.09,0.51,0.51,0.64,208,120
Derrick Jones,0.08,0.08,0.08,0.03,0.01,0.02,0.09,0.56,0.27,0.59,0.57,0.71,203,100
Derrick Rose,0.03,0.09,0.06,0.3,0.01,0.01,0.14,0.44,0.28,0.46,0.46,0.82,190,86
Derrick Williams,0.04,0.16,0.1,0.05,0.01,0.01,0.1,0.43,0.28,0.49,0.47,0.71,190,90
DeSagana Diop,0.12,0.19,0.16,0.06,0.01,0.05,0.22,0.43,0,0.43,0.43,0.34,213,136
DeShawn Stevenson,0.02,0.1,0.06,0.1,0.01,0,0.11,0.32,0.3,0.37,0.42,0.66,196,95
Desmon Farmer,0,0.13,0.07,0.05,0,0,0.21,0.29,0.25,0.5,0.39,1,196,99
Desmond Mason,0.05,0.14,0.1,0.07,0.01,0.02,0.17,0.44,0,0.45,0.44,0.65,201,101
Devean George,0.04,0.12,0.08,0.05,0.02,0.01,0.09,0.39,0.33,0.45,0.47,0.73,203,99
Devin Booker,0.02,0.08,0.05,0.16,0.01,0.01,0.13,0.42,0.35,0.46,0.48,0.84,198,93
Devin Brown,0.03,0.12,0.08,0.11,0.02,0,0.13,0.35,0.31,0.37,0.41,0.78,185,72
Devin Ebanks,0.09,0.12,0.11,0.05,0.01,0.02,0.12,0.39,0.22,0.41,0.41,0.74,206,97
Devin Harris,0.01,0.09,0.05,0.29,0.02,0,0.15,0.43,0.33,0.48,0.48,0.8,190,87
Devyn Marble,0.03,0.14,0.08,0.09,0.02,0.01,0.11,0.31,0.22,0.39,0.36,0.37,198,90
Dewayne Dedmon,0.1,0.23,0.16,0.02,0.01,0.04,0.14,0.45,0,0.45,0.45,0.63,213,111
Dexter Pittman,0.35,0.16,0.27,0.01,0,0,0.19,0.32,,0.32,0.32,0.16,211,139
Deyonta Davis,0.09,0.2,0.14,0.01,0.01,0.07,0.13,0.51,,0.51,0.51,0.56,211,107
Diamond Stone,0.05,0.23,0.14,0,0,0.03,0.12,0.23,,0.23,0.23,1,211,115
Diante Garrett,0.02,0.09,0.06,0.24,0.03,0,0.22,0.35,0.29,0.38,0.4,0.67,190,83
Didier Ilunga-Mbenga,0.1,0.16,0.13,0.04,0.01,0.07,0.16,0.46,0,0.46,0.46,0.56,198,97
Dikembe Mutombo*,0.14,0.24,0.19,0.01,0,0.07,0.2,0.46,,0.46,0.46,0.69,218,111
Dion Waiters,0.02,0.08,0.05,0.15,0.02,0.01,0.12,0.41,0.33,0.44,0.45,0.7,193,102
Dionte Christmas,0.07,0.14,0.11,0.06,0.01,0.01,0.08,0.36,0.29,0.42,0.43,0.75,196,92
Dirk Nowitzki,0.03,0.22,0.12,0.13,0.01,0.02,0.08,0.47,0.38,0.5,0.51,0.89,213,111
Domantas Sabonis,0.03,0.16,0.1,0.07,0.01,0.02,0.14,0.4,0.32,0.44,0.45,0.66,211,108
Dominic McGuire,0.08,0.18,0.13,0.09,0.01,0.02,0.19,0.37,0.17,0.37,0.37,0.35,206,99
Dominique Jones,0.05,0.13,0.09,0.27,0.02,0.01,0.21,0.36,0.08,0.39,0.36,0.76,203,99
Donald Sloan,0.02,0.1,0.06,0.27,0.01,0,0.25,0.38,0.2,0.42,0.41,0.73,190,92
Donatas Motiejunas,0.07,0.15,0.11,0.1,0.01,0.01,0.15,0.45,0.28,0.52,0.49,0.6,213,100
Donte Greene,0.04,0.13,0.08,0.07,0.01,0.02,0.12,0.39,0.29,0.46,0.45,0.74,211,102
Dontell Jefferson,0.02,0.16,0.09,0.18,0.03,0.01,0.19,0.5,0.5,0.5,0.52,0.67,196,88
Donyell Marshall,0.07,0.18,0.12,0.07,0.01,0.03,0.11,0.36,0.33,0.39,0.46,0.77,206,98
Dorell Wright,0.04,0.18,0.11,0.1,0.02,0.01,0.11,0.42,0.37,0.45,0.49,0.76,206,92
Dorian Finney-Smith,0.04,0.12,0.08,0.06,0.02,0.01,0.11,0.37,0.29,0.48,0.46,0.75,203,99
Doron Lamb,0.01,0.07,0.04,0.08,0.01,0,0.13,0.38,0.38,0.37,0.44,0.64,193,95
Doug McDermott,0.02,0.11,0.06,0.05,0,0,0.08,0.44,0.37,0.49,0.52,0.79,203,102
Dragan Bender,0.04,0.16,0.1,0.06,0.01,0.03,0.16,0.35,0.28,0.48,0.44,0.36,216,102
Draymond Green,0.05,0.21,0.14,0.18,0.02,0.03,0.17,0.42,0.32,0.47,0.47,0.71,201,104
Drew Gooden,0.11,0.23,0.17,0.07,0.01,0.02,0.12,0.45,0.13,0.46,0.46,0.81,208,113
Drew Gordon,0.1,0.18,0.14,0.05,0.01,0,0.29,0.42,0,0.5,0.42,0.5,206,111
Duje Dukan,0.09,0.09,0.09,0.06,0.02,0,0,0.2,0.4,0,0.3,,206,99
Dwayne Jones,0.1,0.21,0.16,0.01,0,0.02,0.24,0.55,0,0.56,0.55,0.58,208,95
Dwight Buycks,0.02,0.12,0.07,0.15,0.02,0,0.19,0.38,0.47,0.35,0.45,0.89,190,86
Dwight Howard,0.12,0.3,0.21,0.08,0.01,0.05,0.17,0.6,0.1,0.6,0.6,0.55,211,120
Dwight Powell,0.07,0.17,0.12,0.05,0.04,0.02,0.13,0.54,0.24,0.57,0.56,0.71,211,108
Dwyane Wade,0.04,0.12,0.08,0.3,0.02,0.02,0.13,0.49,0.28,0.51,0.5,0.76,193,99
Earl Barron,0.13,0.2,0.17,0.06,0.01,0.02,0.12,0.36,0.29,0.36,0.37,0.6,213,113
Earl Boykins,0.01,0.07,0.04,0.26,0.01,0,0.14,0.39,0.31,0.41,0.42,0.85,165,61
Earl Clark,0.06,0.19,0.12,0.05,0.01,0.03,0.11,0.39,0.23,0.42,0.42,0.61,208,102
Earl Watson,0.03,0.09,0.06,0.29,0.02,0.01,0.3,0.37,0.27,0.41,0.41,0.75,185,88
Ed Davis,0.12,0.23,0.17,0.06,0.01,0.04,0.12,0.55,0,0.55,0.55,0.58,208,108
Eddie Gill,0,0.11,0.06,0.28,0.02,0.01,0.27,0.37,0.34,0.39,0.44,1,183,86
Eddie House,0.01,0.1,0.06,0.12,0.02,0,0.1,0.39,0.37,0.42,0.49,0.91,185,81
Eddie Jones,0.02,0.14,0.08,0.11,0.02,0.01,0.14,0.37,0.29,0.5,0.46,0.71,208,102
Eddy Curry,0.06,0.17,0.12,0.01,0,0.01,0.27,0.58,,0.58,0.58,0.51,213,133
Eduardo Najera,0.06,0.15,0.1,0.08,0.02,0.01,0.14,0.42,0.28,0.5,0.48,0.55,203,108
Edwin Ubiles,0.04,0.18,0.11,0.03,0.01,0.02,0.05,0.28,0.2,0.31,0.31,1,198,92
Edy Tavares,0.12,0.27,0.19,0.04,0,0.13,0.18,0.85,,0.85,0.85,0,211,115
Ekpe Udoh,0.08,0.13,0.11,0.06,0.02,0.05,0.15,0.43,0,0.43,0.43,0.73,208,108
Elfrid Payton,0.04,0.12,0.08,0.34,0.02,0.01,0.18,0.44,0.29,0.47,0.46,0.61,193,83
Elias Harris,0.1,0,0.05,0.11,0.04,0,0,0,,0,0,,203,108
Elijah Millsap,0.07,0.16,0.12,0.11,0.02,0.01,0.19,0.26,0.13,0.31,0.28,0.63,198,102
Elliot Williams,0.02,0.08,0.05,0.13,0.02,0,0.1,0.38,0.38,0.36,0.47,0.43,196,86
Elton Brand,0.08,0.2,0.14,0.09,0.02,0.04,0.12,0.47,0,0.48,0.47,0.72,203,124
Emeka Okafor,0.12,0.25,0.18,0.05,0.01,0.04,0.13,0.53,0,0.54,0.53,0.56,208,114
Emmanuel Mudiay,0.02,0.11,0.07,0.25,0.02,0.01,0.17,0.37,0.32,0.39,0.42,0.73,196,90
Enes Kanter,0.14,0.21,0.18,0.05,0.01,0.02,0.14,0.53,0.38,0.53,0.53,0.77,211,111
Eric Bledsoe,0.04,0.12,0.08,0.27,0.03,0.02,0.19,0.44,0.32,0.48,0.48,0.77,185,86
Eric Dawson,0.15,0.14,0.15,0,0.01,0.04,0.19,0.58,,0.58,0.58,0.5,206,113
Eric Gordon,0.01,0.07,0.04,0.16,0.02,0.01,0.13,0.43,0.37,0.47,0.51,0.82,193,97
Eric Maynor,0.02,0.08,0.05,0.27,0.01,0,0.2,0.37,0.33,0.39,0.43,0.71,190,79
Eric Moreland,0.03,0.36,0.2,0.01,0,0.03,0.14,0.75,,0.75,0.75,0.5,208,107
Eric Piatkowski,0.01,0.1,0.06,0.12,0,0.01,0.15,0.36,0.42,0.14,0.53,1,201,97
Eric Snow,0.01,0.06,0.04,0.19,0.02,0.01,0.17,0.16,0,0.17,0.16,0.46,190,86
Erick Dampier,0.12,0.21,0.17,0.05,0.01,0.04,0.21,0.53,0.17,0.53,0.53,0.59,211,120
Erick Green,0.05,0.09,0.07,0.14,0.01,0,0.02,0.29,0.19,0.47,0.33,0.94,193,83
Erik Murphy,0.04,0.11,0.07,0.05,0,0.05,0.13,0.23,0,0.3,0.23,,208,104
Ersan Ilyasova,0.08,0.19,0.14,0.08,0.02,0.01,0.1,0.43,0.36,0.5,0.5,0.76,208,106
Etan Thomas,0.08,0.19,0.14,0.02,0.01,0.04,0.18,0.47,,0.47,0.47,0.7,206,116
E'Twaun Moore,0.02,0.08,0.05,0.14,0.02,0.01,0.11,0.43,0.37,0.46,0.49,0.76,208,102
Eugene Jeter,0.01,0.08,0.05,0.28,0.02,0,0.16,0.41,0.2,0.44,0.42,0.9,180,79
Evan Fournier,0.02,0.09,0.05,0.13,0.02,0,0.13,0.45,0.38,0.49,0.53,0.78,201,92
Evan Turner,0.02,0.17,0.1,0.2,0.01,0.01,0.15,0.43,0.31,0.45,0.45,0.78,201,99
Fab Melo,0,0.1,0.05,0,0.03,0.04,0.11,0.5,,0.5,0.5,0.25,213,115
Fabricio Oberto,0.09,0.14,0.12,0.08,0.01,0.01,0.27,0.61,0,0.61,0.61,0.61,208,111
Festus Ezeli,0.14,0.19,0.17,0.04,0.01,0.05,0.17,0.51,,0.51,0.51,0.56,211,115
Francisco Elson,0.1,0.15,0.12,0.05,0.01,0.02,0.14,0.4,0.08,0.4,0.4,0.64,213,106
Francisco Garcia,0.02,0.1,0.06,0.1,0.02,0.02,0.1,0.41,0.35,0.47,0.5,0.75,201,88
Frank Kaminsky,0.04,0.17,0.1,0.11,0.01,0.02,0.08,0.4,0.33,0.46,0.47,0.74,213,109
Fred Jones,0.02,0.09,0.05,0.17,0.02,0.01,0.15,0.41,0.38,0.45,0.5,0.78,193,95
Fred VanVleet,0.02,0.15,0.08,0.18,0.03,0.01,0.11,0.35,0.38,0.34,0.4,0.82,183,88
Furkan Aldemir,0.15,0.21,0.18,0.08,0.02,0.02,0.16,0.51,0,0.55,0.51,0.48,208,108
Gabe Pruitt,0.02,0.1,0.06,0.19,0.03,0,0.13,0.33,0.27,0.36,0.39,0.66,193,77
Gal Mekel,0.01,0.06,0.03,0.36,0.02,0,0.17,0.25,0.13,0.28,0.26,0.67,190,86
Gani Lawal,0,0,0,0,0,0,0,,,,,,206,106
Garret Siler,0.18,0.14,0.16,0.05,0.01,0.03,0.2,0.55,,0.55,0.55,0.5,211,138
Garrett Temple,0.02,0.1,0.06,0.14,0.02,0.01,0.18,0.37,0.27,0.42,0.43,0.59,198,88
Gary Forbes,0.04,0.12,0.08,0.12,0.02,0.01,0.14,0.43,0.34,0.46,0.48,0.7,201,99
Gary Harris,0.03,0.07,0.05,0.1,0.02,0.01,0.11,0.43,0.33,0.5,0.49,0.78,193,95
Gary Neal,0.01,0.1,0.05,0.12,0.01,0,0.09,0.38,0.34,0.4,0.44,0.87,193,95
Gary Payton,0,0.14,0.07,0.18,0.02,0.04,0.29,0.36,0.11,0.54,0.39,0.6,193,81
George Hill,0.02,0.1,0.06,0.19,0.02,0.01,0.11,0.45,0.37,0.49,0.52,0.8,190,85
Georges Niang,0.02,0.18,0.1,0.08,0.02,0,0.12,0.25,0.08,0.33,0.26,1,203,104
Georgios Papagiannis,0.08,0.2,0.14,0.09,0,0.04,0.18,0.55,0,0.56,0.55,0.86,216,108
Gerald Green,0.09,0.12,0.1,0.08,0.01,0.01,0.11,0.46,0.36,0.49,0.52,0.81,201,92
Gerald Henderson,0.03,0.12,0.07,0.12,0.01,0.01,0.1,0.43,0.29,0.45,0.46,0.79,188,79
Gerald Wallace,0.05,0.18,0.11,0.12,0.02,0.02,0.16,0.45,0.32,0.5,0.49,0.71,201,97
Giannis Antetokounmpo,0.05,0.2,0.12,0.18,0.02,0.03,0.16,0.48,0.26,0.51,0.51,0.73,211,100
Gilbert Arenas,0.01,0.12,0.06,0.29,0.02,0.01,0.15,0.37,0.31,0.42,0.43,0.76,190,86
Glen Davis,0.08,0.16,0.12,0.07,0.02,0.01,0.12,0.45,0.16,0.46,0.45,0.7,206,131
Glen Rice,0.05,0.11,0.08,0.08,0.01,0,0.14,0.25,0.22,0.28,0.3,0.69,201,97
Glenn Robinson,0.05,0.12,0.08,0.07,0.01,0.01,0.11,0.41,0.3,0.45,0.45,0.66,201,102
Goran Dragic,0.03,0.09,0.06,0.27,0.02,0.01,0.17,0.46,0.36,0.5,0.52,0.74,190,86
Gordan Giricek,0.02,0.11,0.07,0.12,0.02,0,0.15,0.41,0.36,0.44,0.47,0.89,198,95
Gordon Hayward,0.03,0.12,0.08,0.18,0.02,0.01,0.13,0.45,0.38,0.48,0.5,0.81,203,102
Gorgui Dieng,0.1,0.23,0.16,0.09,0.02,0.04,0.16,0.51,0.46,0.51,0.51,0.76,211,109
Grant Hill,0.03,0.13,0.08,0.11,0.01,0.01,0.13,0.47,0.33,0.49,0.49,0.78,203,102
Grant Jerrett,0.04,0.15,0.1,0.1,0.02,0.03,0.1,0.3,0.05,0.54,0.31,1,208,106
Greg Buckner,0.03,0.13,0.08,0.1,0.02,0.01,0.18,0.38,0.28,0.45,0.44,0.83,193,95
Greg Monroe,0.11,0.23,0.17,0.13,0.02,0.02,0.13,0.52,0,0.52,0.52,0.71,211,120
Greg Oden,0.15,0.24,0.19,0.04,0.01,0.06,0.17,0.57,,0.57,0.57,0.66,213,113
Greg Smith,0.1,0.2,0.15,0.03,0.01,0.03,0.13,0.61,0,0.62,0.61,0.49,196,88
Greg Stiemsma,0.09,0.17,0.13,0.05,0.02,0.05,0.25,0.58,0,0.58,0.58,0.64,211,117
Greivis Vasquez,0.01,0.1,0.05,0.3,0.01,0,0.17,0.39,0.33,0.43,0.46,0.82,198,98
Guillermo Diaz,0.13,0,0.06,0.09,0,0,0,0.25,0,0.33,0.25,0.6,188,87
Gustavo Ayon,0.1,0.22,0.16,0.13,0.02,0.02,0.18,0.55,0,0.55,0.55,0.4,208,113
Hakim Warrick,0.07,0.14,0.1,0.06,0.02,0.01,0.1,0.47,0.11,0.48,0.47,0.75,206,99
Hamady N'Diaye,0.03,0.09,0.06,0.02,0,0.03,0.16,0.38,,0.38,0.38,0.25,213,106
Hamed Haddadi,0.15,0.26,0.21,0.07,0.01,0.07,0.21,0.45,0,0.46,0.45,0.6,218,115
Harrison Barnes,0.04,0.13,0.09,0.07,0.01,0.01,0.09,0.45,0.37,0.48,0.5,0.76,190,92
Hasheem Thabeet,0.08,0.18,0.13,0.01,0.01,0.07,0.19,0.51,,0.51,0.51,0.54,221,119
Hassan Adams,0.02,0.13,0.08,0.03,0.01,0.02,0.2,0.31,,0.31,0.31,0.5,193,99
Hassan Whiteside,0.11,0.25,0.18,0.01,0.01,0.07,0.13,0.56,,0.56,0.56,0.55,213,120
Hedo Turkoglu,0.02,0.15,0.09,0.18,0.02,0.01,0.15,0.41,0.36,0.45,0.5,0.67,208,99
Henry Ellenson,0.06,0.26,0.15,0.07,0,0.01,0.17,0.36,0.29,0.45,0.44,0.5,211,111
Henry Sims,0.17,0.16,0.17,0.07,0.01,0.02,0.15,0.49,0.06,0.49,0.49,0.74,208,112
Henry Walker,0.02,0.14,0.08,0.09,0.01,0.01,0.15,0.48,0.32,0.54,0.56,0.8,196,83
Hilton Armstrong,0.11,0.19,0.15,0.07,0.02,0.03,0.21,0.43,0.31,0.43,0.44,0.49,211,106
Hollis Thompson,0.03,0.12,0.07,0.07,0.01,0.01,0.08,0.39,0.36,0.42,0.48,0.69,203,93
Ian Clark,0.02,0.09,0.06,0.12,0.02,0.01,0.14,0.39,0.33,0.44,0.47,0.88,190,79
Ian Mahinmi,0.09,0.2,0.15,0.04,0.02,0.04,0.16,0.54,0,0.55,0.54,0.64,211,113
Ike Diogu,0.12,0.15,0.13,0.02,0.01,0.01,0.14,0.41,0.5,0.41,0.42,0.8,203,113
Iman Shumpert,0.04,0.12,0.08,0.12,0.02,0.01,0.14,0.4,0.34,0.44,0.47,0.74,196,99
Ime Udoka,0.04,0.16,0.1,0.09,0.02,0.01,0.14,0.36,0.25,0.43,0.41,0.65,198,97
Ira Newble,0.09,0.11,0.1,0.07,0.01,0.01,0.14,0.38,0.29,0.42,0.41,0.77,201,99
Isaiah Canaan,0.02,0.08,0.05,0.15,0.02,0,0.13,0.37,0.35,0.42,0.48,0.82,183,91
Isaiah Taylor,0.02,0.04,0.03,0.07,0.01,0.02,0,0.14,0,0.2,0.14,0.5,190,77
Isaiah Thomas,0.02,0.08,0.05,0.29,0.02,0,0.13,0.44,0.37,0.48,0.51,0.87,185,81
Isaiah Whitehead,0.02,0.1,0.06,0.18,0.01,0.02,0.2,0.4,0.3,0.45,0.45,0.81,193,96
Ish Smith,0.02,0.12,0.07,0.31,0.02,0.01,0.16,0.39,0.28,0.4,0.41,0.61,183,79
Ivan Johnson,0.08,0.2,0.14,0.07,0.03,0.01,0.16,0.52,0.21,0.53,0.52,0.67,203,104
Ivica Zubac,0.07,0.22,0.14,0.08,0.01,0.04,0.1,0.53,0,0.54,0.53,0.65,216,120
J.J. Barea,0.02,0.1,0.06,0.31,0.01,0,0.15,0.42,0.36,0.46,0.48,0.8,203,94
J.J. Hickson,0.11,0.22,0.17,0.07,0.01,0.02,0.13,0.5,0,0.5,0.5,0.59,218,122
J.J. O'Brien,0,0.19,0.1,0,0.09,0,0,0,,0,0,,185,81
J.J. Redick,0.01,0.08,0.04,0.13,0.01,0,0.1,0.44,0.4,0.48,0.54,0.88,188,86
J.R. Giddens,0.14,0.17,0.15,0.06,0.03,0,0.21,0.51,0,0.58,0.51,0.57,216,115
J.R. Smith,0.02,0.12,0.07,0.14,0.02,0.01,0.1,0.42,0.38,0.46,0.51,0.72,188,86
Jabari Brown,0.01,0.07,0.04,0.11,0.01,0,0.13,0.41,0.37,0.44,0.48,0.75,193,97
Jabari Parker,0.06,0.14,0.1,0.11,0.02,0.01,0.11,0.49,0.29,0.51,0.51,0.74,203,113
Jack Cooley,0.13,0.2,0.17,0.02,0.04,0.03,0.09,0.41,,0.41,0.41,0.43,206,117
Jacque Vaughn,0.02,0.07,0.04,0.25,0.01,0,0.15,0.37,0.65,0.37,0.38,0.83,185,86
Jae Crowder,0.04,0.14,0.09,0.09,0.02,0.01,0.09,0.43,0.33,0.51,0.51,0.78,198,106
Jahlil Okafor,0.08,0.17,0.12,0.09,0.01,0.03,0.13,0.51,0.17,0.51,0.51,0.68,211,124
JaJuan Johnson,0.08,0.14,0.12,0.04,0.01,0.04,0.1,0.45,,0.45,0.45,0.67,206,113
JaKarr Sampson,0.04,0.13,0.09,0.08,0.01,0.02,0.16,0.44,0.23,0.51,0.47,0.67,211,106
Jake Layman,0.03,0.08,0.05,0.06,0.02,0.01,0.1,0.29,0.26,0.34,0.37,0.77,206,95
Jake Voskuhl,0.1,0.2,0.15,0.05,0.01,0.03,0.24,0.37,,0.37,0.37,0.81,211,111
Jakob Poeltl,0.14,0.16,0.15,0.03,0.01,0.03,0.17,0.58,,0.58,0.58,0.54,213,112
Jamaal Franklin,0.05,0.11,0.08,0.19,0.01,0.04,0.41,0.46,0.48,0.39,0.61,1,196,86
Jamaal Magloire,0.1,0.28,0.19,0.03,0.01,0.02,0.24,0.44,,0.44,0.44,0.42,211,117
Jamaal Tinsley,0.02,0.1,0.06,0.33,0.02,0.01,0.27,0.34,0.22,0.47,0.39,0.75,190,88
Jamal Crawford,0.01,0.07,0.04,0.17,0.01,0,0.11,0.41,0.36,0.45,0.49,0.87,196,90
Jamal Murray,0.03,0.11,0.07,0.14,0.01,0.01,0.13,0.4,0.33,0.47,0.48,0.88,193,93
Jamario Moon,0.03,0.18,0.1,0.07,0.02,0.03,0.1,0.43,0.32,0.5,0.5,0.86,203,92
Jameer Nelson,0.02,0.1,0.06,0.31,0.02,0,0.17,0.41,0.36,0.45,0.49,0.79,183,86
James Anderson,0.03,0.12,0.08,0.12,0.01,0.01,0.15,0.4,0.34,0.46,0.49,0.79,198,96
James Augustine,0.13,0.1,0.12,0.02,0.02,0.01,0.14,0.53,,0.53,0.53,0.5,208,106
James Ennis,0.06,0.09,0.07,0.1,0.02,0.02,0.12,0.43,0.38,0.48,0.52,0.75,201,95
James Harden,0.03,0.14,0.08,0.27,0.02,0.01,0.15,0.44,0.37,0.5,0.52,0.85,196,99
James Johnson,0.05,0.15,0.1,0.15,0.02,0.04,0.18,0.47,0.25,0.51,0.49,0.66,206,113
James Jones,0.02,0.1,0.06,0.05,0.01,0.01,0.06,0.4,0.41,0.4,0.56,0.76,190,81
James Michael,0.11,0.13,0.12,0.05,0.02,0.04,0.12,0.54,0.38,0.54,0.54,0.53,198,90
James Nunnally,0.01,0.13,0.07,0.07,0.02,0.01,0.13,0.33,0.32,0.34,0.41,0.67,201,92
James Posey,0.02,0.19,0.1,0.08,0.02,0.01,0.11,0.38,0.35,0.47,0.51,0.8,203,97
James Singleton,0.12,0.21,0.16,0.06,0.02,0.03,0.14,0.44,0.22,0.49,0.46,0.9,203,97
James Southerland,0,0.22,0.11,0,0.01,0.04,0.04,0.25,0.37,0.17,0.33,0.5,203,97
James White,0.01,0.06,0.03,0.15,0.03,0.04,0.25,0.52,0.42,0.57,0.6,0.58,206,131
James Young,0.03,0.11,0.07,0.05,0.02,0.01,0.07,0.36,0.28,0.53,0.45,0.49,198,97
JamesOn Curry,0,0,0,0,0,0,0,,,,,,190,86
JaMychal Green,0.12,0.18,0.15,0.05,0.01,0.03,0.18,0.54,0.14,0.63,0.55,0.79,206,102
Jan Vesely,0.11,0.16,0.13,0.05,0.03,0.03,0.17,0.52,0,0.52,0.52,0.37,211,108
Jannero Pargo,0.01,0.07,0.04,0.24,0.02,0,0.14,0.38,0.34,0.42,0.46,0.92,185,79
Jared Cunningham,0.01,0.09,0.05,0.11,0.02,0,0.15,0.35,0.27,0.43,0.4,0.68,193,88
Jared Dudley,0.06,0.12,0.09,0.09,0.02,0.01,0.11,0.47,0.38,0.52,0.54,0.71,201,102
Jared Jeffries,0.1,0.11,0.11,0.08,0.02,0.02,0.17,0.39,0.19,0.41,0.4,0.54,211,104
Jared Sullinger,0.11,0.21,0.16,0.1,0.01,0.02,0.1,0.42,0.24,0.47,0.45,0.68,206,117
Jarell Eddie,0.02,0.14,0.07,0.03,0.01,0,0.03,0.31,0.28,0.47,0.42,0.94,201,98
Jarell Martin,0.1,0.2,0.15,0.04,0.01,0.02,0.13,0.43,0.18,0.43,0.44,0.76,208,108
Jarnell Stokes,0.13,0.19,0.16,0.13,0.03,0.01,0.03,0.69,,0.69,0.69,0.51,206,119
Jarrett Jack,0.01,0.1,0.06,0.26,0.02,0,0.18,0.45,0.3,0.5,0.48,0.87,190,90
Jarrod Uthoff,0.08,0.15,0.11,0.13,0.01,0.03,0.07,0.42,0.33,0.45,0.46,0.71,206,100
Jarron Collins,0.13,0.09,0.11,0.04,0.01,0,0.2,0.34,0,0.35,0.34,0.63,193,88
Jarvis Hayes,0.02,0.14,0.08,0.07,0.02,0,0.08,0.43,0.37,0.49,0.51,0.74,201,99
Jarvis Varnado,0.04,0.12,0.08,0.06,0.01,0.03,0.28,0.49,,0.49,0.49,0.51,206,104
Jason Collins,0.06,0.12,0.09,0.04,0.01,0.02,0.23,0.38,0.2,0.39,0.38,0.56,193,88
Jason Hart,0.02,0.1,0.06,0.26,0.03,0.01,0.29,0.42,0.09,0.44,0.42,0.79,190,83
Jason Kapono,0.02,0.07,0.04,0.07,0.01,0,0.09,0.39,0.34,0.43,0.46,0.75,203,96
Jason Kidd,0.03,0.17,0.1,0.35,0.03,0.01,0.22,0.39,0.38,0.41,0.5,0.82,193,92
Jason Maxiell,0.1,0.16,0.13,0.04,0.01,0.03,0.12,0.49,0,0.49,0.49,0.56,201,117
Jason Richardson,0.03,0.12,0.08,0.11,0.02,0.01,0.08,0.44,0.39,0.48,0.52,0.72,198,99
Jason Smith,0.08,0.17,0.12,0.07,0.01,0.03,0.12,0.47,0.23,0.48,0.48,0.76,211,113
Jason Terry,0.01,0.07,0.04,0.16,0.02,0.01,0.11,0.43,0.38,0.48,0.53,0.83,188,83
Jason Thompson,0.09,0.21,0.15,0.07,0.01,0.02,0.12,0.49,0.1,0.5,0.5,0.67,185,83
Jason Williams,0.01,0.09,0.05,0.26,0.02,0,0.19,0.36,0.3,0.43,0.44,0.81,206,108
JaVale McGee,0.11,0.2,0.15,0.03,0.01,0.06,0.13,0.54,0.2,0.54,0.54,0.59,213,122
Javaris Crittenton,0.06,0.11,0.08,0.16,0.02,0,0.18,0.45,0.19,0.47,0.46,0.62,196,90
Jawad Williams,0.04,0.09,0.07,0.05,0.02,0,0.09,0.38,0.32,0.43,0.45,0.73,206,108
Jaylen Brown,0.04,0.14,0.09,0.07,0.01,0.01,0.13,0.45,0.34,0.51,0.51,0.69,193,97
Jeff Adrien,0.12,0.25,0.18,0.07,0.01,0.03,0.12,0.47,0,0.47,0.47,0.6,201,111
Jeff Ayres,0.09,0.21,0.15,0.06,0.01,0.02,0.16,0.54,0.25,0.54,0.54,0.8,188,83
Jeff Foote,0.03,0.15,0.09,0,0,0.02,0.25,0.33,,0.33,0.33,,213,120
Jeff Foster,0.15,0.21,0.18,0.09,0.02,0.01,0.18,0.5,0.26,0.5,0.51,0.61,211,107
Jeff Green,0.03,0.13,0.08,0.08,0.01,0.01,0.1,0.44,0.32,0.48,0.48,0.79,196,88
Jeff McInnis,0.01,0.07,0.04,0.23,0.01,0,0.23,0.43,0.16,0.46,0.44,0.77,193,86
Jeff Teague,0.01,0.09,0.05,0.32,0.02,0.01,0.16,0.44,0.34,0.47,0.48,0.84,188,84
Jeff Withey,0.11,0.18,0.15,0.05,0.01,0.06,0.12,0.53,0,0.53,0.53,0.72,213,104
Jeffery Taylor,0.03,0.09,0.06,0.07,0.01,0.01,0.11,0.4,0.31,0.45,0.45,0.64,193,79
Jelani McCoy,0.03,0.19,0.12,0,0,0.11,0.68,1,,1,1,0.5,208,111
Jerami Grant,0.03,0.14,0.08,0.06,0.01,0.05,0.12,0.41,0.26,0.46,0.46,0.6,203,95
Jerel McNeal,0,0.09,0.05,0.08,0.04,0.02,0.3,0.27,0.5,0.22,0.32,1,190,90
Jeremy Evans,0.1,0.18,0.14,0.07,0.02,0.04,0.1,0.59,0.11,0.62,0.6,0.68,206,90
Jeremy Lamb,0.03,0.16,0.09,0.1,0.01,0.01,0.08,0.42,0.32,0.48,0.48,0.85,196,83
Jeremy Lin,0.02,0.1,0.06,0.28,0.03,0.01,0.18,0.43,0.33,0.46,0.47,0.8,190,90
Jeremy Pargo,0.02,0.08,0.05,0.22,0.01,0,0.17,0.38,0.33,0.4,0.42,0.66,188,99
Jeremy Richardson,0.01,0.08,0.05,0.04,0.01,0,0.09,0.3,0.31,0.31,0.37,0.83,198,83
Jeremy Tyler,0.09,0.29,0.19,0.03,0.01,0.02,0.17,0.42,0,0.42,0.42,0.61,208,117
Jerian Grant,0.02,0.1,0.06,0.2,0.02,0.01,0.14,0.41,0.29,0.46,0.46,0.84,203,95
Jermaine O'Neal,0.08,0.19,0.14,0.08,0.01,0.05,0.15,0.47,0,0.48,0.47,0.75,211,102
Jermaine Taylor,0.06,0.1,0.08,0.09,0.02,0.01,0.16,0.46,0.31,0.5,0.49,0.76,193,79
Jermareo Davidson,0.09,0.19,0.14,0.04,0.01,0.03,0.11,0.45,,0.45,0.45,0.56,208,104
Jerome Dyson,0.01,0.11,0.06,0.16,0.03,0.01,0.24,0.4,0.13,0.45,0.41,0.78,190,81
Jerome James,0.05,0.47,0.25,0,0.03,0.04,0.06,0.69,,0.69,0.69,1,213,136
Jerome Jordan,0.15,0.15,0.15,0.06,0.01,0.04,0.11,0.52,,0.52,0.52,0.83,213,114
Jerrelle Benimon,0.39,0.77,0.58,0,0,0,1,,,,,,203,111
Jerry Smith,0.05,0.13,0.09,0.13,0.06,0,0,0.21,0.17,0.25,0.25,,188,86
Jerry Stackhouse,0.03,0.09,0.06,0.11,0.01,0.01,0.13,0.35,0.29,0.38,0.41,0.86,198,98
Jerryd Bayless,0.02,0.1,0.06,0.23,0.01,0,0.16,0.4,0.34,0.42,0.45,0.82,190,90
Jimmer Fredette,0.01,0.06,0.03,0.14,0.02,0,0.17,0.47,0.42,0.42,0.59,0.88,188,88
Jimmy Butler,0.05,0.11,0.08,0.14,0.02,0.01,0.1,0.44,0.32,0.47,0.47,0.81,201,99
Joakim Noah,0.14,0.23,0.19,0.16,0.01,0.03,0.18,0.49,0,0.49,0.49,0.66,211,104
Jodie Meeks,0.01,0.11,0.06,0.08,0.02,0,0.08,0.4,0.37,0.44,0.5,0.87,193,95
Joe Alexander,0.07,0.12,0.1,0.09,0.01,0.03,0.08,0.29,0.17,0.32,0.31,0.68,203,104
Joe Crawford,0.05,0.15,0.1,0.07,0.02,0,0,0.3,0.25,0.33,0.35,1,196,95
Joe Harris,0.01,0.14,0.08,0.11,0.01,0,0.17,0.36,0.33,0.48,0.48,0.66,198,99
Joe Ingles,0.02,0.12,0.07,0.15,0.02,0,0.19,0.43,0.39,0.5,0.56,0.74,203,102
Joe Johnson,0.02,0.1,0.06,0.19,0.01,0,0.11,0.44,0.38,0.48,0.51,0.82,201,90
Joe Smith,0.09,0.2,0.14,0.07,0.01,0.03,0.13,0.39,0.2,0.39,0.39,0.8,213,106
Joe Young,0.01,0.13,0.07,0.22,0.02,0,0.11,0.36,0.22,0.43,0.4,0.77,188,81
Joel Anthony,0.09,0.15,0.12,0.02,0.01,0.06,0.16,0.49,,0.49,0.49,0.65,206,111
Joel Bolomboy,0.09,0.28,0.19,0.06,0.01,0.03,0.1,0.56,0.25,0.67,0.59,0.5,206,106
Joel Embiid,0.09,0.26,0.17,0.16,0.02,0.08,0.18,0.47,0.37,0.5,0.51,0.78,213,113
Joel Freeland,0.11,0.2,0.16,0.05,0.01,0.02,0.13,0.46,0,0.46,0.46,0.73,208,113
Joel Przybilla,0.1,0.28,0.19,0.03,0.01,0.03,0.31,0.5,0,0.5,0.5,0.49,216,115
Joey Dorsey,0.14,0.26,0.2,0.08,0.02,0.01,0.17,0.49,0,0.49,0.49,0.42,203,121
Joey Graham,0.05,0.15,0.1,0.05,0.01,0.01,0.14,0.47,0.33,0.49,0.48,0.8,201,102
Joffrey Lauvergne,0.09,0.21,0.15,0.1,0.01,0.01,0.14,0.44,0.28,0.49,0.48,0.68,211,99
Johan Petro,0.09,0.23,0.16,0.06,0.02,0.02,0.14,0.44,0.16,0.44,0.44,0.67,213,112
John Henson,0.11,0.2,0.16,0.08,0.01,0.07,0.14,0.53,0,0.53,0.53,0.58,211,103
John Jenkins,0.02,0.11,0.06,0.1,0.01,0,0.11,0.44,0.34,0.49,0.51,0.89,193,97
John Lucas,0.01,0.04,0.03,0.2,0.02,0,0.07,0.35,0.23,0.4,0.4,0.64,190,79
John Salmons,0.02,0.1,0.06,0.13,0.02,0.01,0.11,0.42,0.37,0.44,0.48,0.79,201,95
John Wall,0.02,0.12,0.07,0.42,0.02,0.01,0.17,0.43,0.28,0.45,0.46,0.79,193,88
Johnny O'Bryant,0.11,0.13,0.12,0.11,0,0.01,0.15,0.46,0.63,0.46,0.49,0.69,206,116
Jon Brockman,0.15,0.2,0.17,0.05,0.01,0,0.16,0.46,0,0.46,0.46,0.58,201,115
Jon Leuer,0.07,0.19,0.13,0.08,0.01,0.01,0.11,0.48,0.25,0.51,0.5,0.64,208,103
Jonas Jerebko,0.08,0.18,0.13,0.08,0.02,0.01,0.12,0.45,0.36,0.49,0.51,0.78,208,104
Jonas Valanciunas,0.12,0.25,0.19,0.04,0.01,0.03,0.14,0.56,0.17,0.56,0.56,0.78,213,120
Jonathan Bender,0.06,0.15,0.1,0.08,0,0.04,0.2,0.4,0.36,0.43,0.47,0.92,211,91
Jonathan Gibson,0.01,0.11,0.06,0.19,0.02,0,0.16,0.37,0.33,0.4,0.45,0.72,188,83
Jonathon Simmons,0.02,0.11,0.07,0.12,0.02,0.01,0.15,0.46,0.34,0.5,0.5,0.75,185,83
Jonny Flynn,0.02,0.08,0.05,0.31,0.01,0,0.2,0.36,0.3,0.38,0.4,0.77,183,83
Jordan Adams,0.02,0.12,0.07,0.21,0.07,0.01,0.16,0.37,0.2,0.41,0.4,0.6,196,94
Jordan Clarkson,0.03,0.1,0.06,0.17,0.02,0,0.12,0.44,0.33,0.48,0.49,0.81,196,87
Jordan Crawford,0.03,0.1,0.06,0.22,0.01,0,0.14,0.41,0.31,0.46,0.46,0.82,196,95
Jordan Farmar,0.02,0.09,0.05,0.25,0.02,0,0.16,0.41,0.39,0.41,0.51,0.79,188,81
Jordan Hamilton,0.04,0.17,0.11,0.1,0.02,0.01,0.11,0.41,0.37,0.43,0.5,0.66,178,72
Jordan Hill,0.14,0.21,0.18,0.05,0.01,0.03,0.14,0.49,0.03,0.49,0.49,0.7,208,106
Jordan McRae,0.02,0.09,0.06,0.17,0.01,0.01,0.13,0.42,0.43,0.44,0.48,0.76,198,83
Jordan Mickey,0.11,0.15,0.13,0.05,0.01,0.09,0.11,0.4,0,0.41,0.4,0.54,203,106
Jordan Williams,0.12,0.17,0.14,0.03,0.02,0.02,0.11,0.51,,0.51,0.51,0.65,188,83
Jorge Garbajosa,0.03,0.21,0.12,0.06,0.02,0,0.04,0.32,0.38,0.22,0.44,,206,111
Jorge Gutierrez,0.02,0.13,0.07,0.25,0.02,0,0.21,0.52,0.05,0.58,0.53,0.74,190,86
Jose Calderon,0.02,0.1,0.06,0.33,0.01,0,0.17,0.46,0.4,0.5,0.54,0.89,190,90
Josh Akognon,0,0.12,0.06,0.19,0,0,0,0.5,0.5,0.5,0.63,,180,83
Josh Boone,0.13,0.21,0.16,0.05,0.01,0.03,0.12,0.53,,0.53,0.53,0.39,208,107
Josh Childress,0.06,0.12,0.09,0.09,0.02,0.01,0.27,0.48,0.23,0.52,0.49,0.45,203,95
Josh Davis,0.14,0.1,0.12,0.07,0.03,0.01,0.09,0.37,0.31,0.43,0.44,0.5,188,77
Josh Harrellson,0.11,0.18,0.14,0.03,0.02,0.03,0.15,0.44,0.31,0.58,0.51,0.61,208,124
Josh Howard,0.04,0.14,0.09,0.08,0.02,0.01,0.09,0.41,0.28,0.44,0.44,0.74,201,95
Josh Huestis,0.09,0.16,0.13,0.08,0,0.05,0.09,0.48,0.58,0.37,0.61,0,201,104
Josh McRoberts,0.07,0.18,0.13,0.15,0.01,0.02,0.16,0.47,0.29,0.51,0.51,0.69,208,108
Josh Powell,0.08,0.19,0.14,0.05,0.01,0.02,0.16,0.41,0.15,0.41,0.41,0.73,206,102
Josh Richardson,0.02,0.09,0.06,0.11,0.02,0.02,0.11,0.42,0.4,0.45,0.51,0.72,198,90
Josh Selby,0.01,0.08,0.04,0.15,0.02,0,0.24,0.31,0.15,0.36,0.33,0.71,188,83
Josh Smith,0.07,0.19,0.13,0.18,0.02,0.04,0.15,0.43,0.27,0.46,0.46,0.57,213,106
Jrue Holiday,0.03,0.1,0.06,0.32,0.02,0.01,0.16,0.44,0.37,0.47,0.49,0.79,193,92
Juan Carlos,0.02,0.09,0.06,0.13,0.01,0,0.14,0.4,0.36,0.46,0.5,0.85,203,92
Juan Dixon,0.02,0.1,0.06,0.23,0.02,0,0.18,0.41,0.4,0.42,0.47,0.76,190,74
Juan Hernangomez,0.06,0.19,0.12,0.05,0.02,0.01,0.11,0.45,0.41,0.5,0.55,0.75,206,104
Julian Wright,0.07,0.14,0.1,0.09,0.02,0.02,0.16,0.5,0.26,0.52,0.51,0.58,203,102
Julius Randle,0.05,0.19,0.12,0.1,0.01,0.01,0.17,0.42,0.27,0.43,0.42,0.48,206,113
Julyan Stone,0.05,0.11,0.08,0.17,0.02,0.01,0.27,0.61,0.22,0.7,0.64,0.71,198,90
Justin Anderson,0.05,0.17,0.11,0.08,0.02,0.02,0.12,0.42,0.29,0.53,0.49,0.79,198,103
Justin Dentmon,0,0.07,0.03,0.12,0.01,0,0.13,0.26,0.11,0.52,0.28,0.67,180,83
Justin Hamilton,0.07,0.09,0.08,0.04,0.04,0.02,0.24,0.46,0.32,0.53,0.51,0.88,213,117
Justin Harper,0.04,0.09,0.06,0.05,0.01,0.01,0.19,0.37,0.29,0.33,0.47,0.25,208,102
Justin Holiday,0.01,0.11,0.06,0.11,0.02,0.02,0.13,0.38,0.32,0.44,0.45,0.74,198,83
Justin Williams,0.19,0.19,0.19,0,0.01,0.02,0.11,0.41,,0.41,0.41,0.29,208,102
Justise Winslow,0.04,0.14,0.09,0.11,0.02,0.01,0.14,0.39,0.24,0.43,0.41,0.65,201,102
Jusuf Nurkic,0.12,0.25,0.19,0.12,0.02,0.05,0.18,0.48,0,0.48,0.48,0.6,213,127
Juwan Howard,0.07,0.16,0.12,0.1,0.01,0.01,0.15,0.46,0,0.46,0.46,0.79,206,108
K.J. McDaniels,0.04,0.13,0.09,0.07,0.01,0.03,0.14,0.41,0.25,0.49,0.46,0.77,198,90
Kalin Lucas,0,0,0,0,0.09,0,0,0,,0,0,,185,88
Kaniel Dickens,0,0.1,0.05,0.13,0,0.07,0,0.33,,0.33,0.33,,203,97
Kareem Rush,0.01,0.1,0.06,0.1,0.02,0.02,0.15,0.37,0.34,0.4,0.44,0.86,198,97
Karl-Anthony Towns,0.11,0.28,0.19,0.12,0.01,0.04,0.12,0.54,0.35,0.57,0.57,0.82,213,110
Kasib Powell,0.03,0.14,0.09,0.1,0.02,0.01,0.05,0.37,0.24,0.44,0.41,0.67,201,97
Kawhi Leonard,0.05,0.18,0.12,0.12,0.03,0.02,0.09,0.5,0.38,0.54,0.55,0.83,201,104
Kay Felder,0.01,0.11,0.06,0.23,0.02,0.02,0.15,0.39,0.32,0.4,0.42,0.71,175,79
Keith Appling,0,0.04,0.02,0.05,0.02,0,0.25,0.25,0,0.4,0.25,1,185,83
Keith Benson,0.25,0.13,0.19,0,0,0,0,0,,0,0,,208,106
Keith Bogans,0.02,0.12,0.07,0.08,0.01,0,0.11,0.4,0.36,0.49,0.53,0.77,196,97
Keith Langford,0,0.23,0.12,0,0,0,0,0.25,,0.25,0.25,,193,97
Kelenna Azubuike,0.04,0.1,0.07,0.05,0.02,0.01,0.14,0.46,0.38,0.49,0.52,0.73,196,99
Kelly Olynyk,0.07,0.18,0.13,0.13,0.02,0.02,0.14,0.48,0.36,0.53,0.54,0.74,213,107
Kelly Oubre,0.04,0.16,0.1,0.03,0.02,0.01,0.11,0.42,0.3,0.51,0.48,0.7,201,92
Kemba Walker,0.02,0.11,0.06,0.29,0.02,0.01,0.11,0.41,0.34,0.44,0.46,0.82,203,95
Kendall Marshall,0.01,0.08,0.04,0.33,0.02,0,0.26,0.4,0.36,0.43,0.48,0.67,193,90
Kendrick Perkins,0.09,0.22,0.16,0.06,0.01,0.03,0.26,0.51,0,0.51,0.51,0.56,208,122
Kenneth Faried,0.14,0.23,0.19,0.07,0.02,0.03,0.12,0.55,0.16,0.55,0.55,0.65,203,103
Kenny Thomas,0.09,0.19,0.14,0.05,0.03,0.01,0.25,0.43,,0.43,0.43,0.29,201,118
Kent Bazemore,0.02,0.13,0.07,0.13,0.02,0.02,0.16,0.41,0.33,0.46,0.48,0.65,196,91
Kentavious Caldwell-Pope,0.02,0.09,0.05,0.08,0.02,0.01,0.08,0.4,0.33,0.46,0.48,0.78,196,92
Kenyon Martin,0.07,0.18,0.12,0.08,0.02,0.03,0.12,0.5,0.21,0.5,0.5,0.59,206,106
Kevin Durant,0.02,0.19,0.11,0.19,0.02,0.02,0.12,0.49,0.38,0.53,0.54,0.88,206,108
Kevin Garnett,0.05,0.28,0.17,0.15,0.02,0.02,0.11,0.5,0.13,0.51,0.5,0.78,211,108
Kevin Jones,0.13,0.15,0.14,0.05,0.01,0.01,0.07,0.4,,0.4,0.4,0.6,203,113
Kevin Love,0.11,0.3,0.2,0.12,0.01,0.01,0.11,0.44,0.32,0.47,0.49,0.81,208,113
Kevin Martin,0.02,0.1,0.06,0.11,0.01,0,0.1,0.41,0.37,0.44,0.48,0.88,206,106
Kevin Murphy,0,0.09,0.05,0.06,0.01,0,0.1,0.25,0.2,0.26,0.27,,196,83
Kevin Ollie,0.02,0.08,0.05,0.17,0.02,0,0.11,0.41,0,0.41,0.41,0.88,193,88
Kevin Seraphin,0.09,0.17,0.13,0.07,0.01,0.04,0.16,0.49,0,0.49,0.49,0.73,206,129
Kevon Looney,0.17,0.24,0.2,0.04,0.01,0.02,0.12,0.55,0.36,0.58,0.59,0.62,206,99
Keyon Dooling,0.01,0.06,0.03,0.19,0.01,0,0.14,0.43,0.37,0.47,0.51,0.81,190,88
Khris Middleton,0.02,0.12,0.07,0.14,0.02,0.01,0.11,0.45,0.39,0.47,0.51,0.87,203,106
Kim English,0.02,0.08,0.05,0.1,0.02,0.01,0.13,0.38,0.28,0.45,0.44,0.72,198,90
Kirk Hinrich,0.01,0.1,0.05,0.21,0.02,0.01,0.16,0.39,0.36,0.41,0.47,0.8,193,86
Kirk Snyder,0.05,0.13,0.09,0.14,0.01,0.01,0.16,0.5,0.22,0.56,0.52,0.68,198,102
Klay Thompson,0.02,0.09,0.06,0.11,0.01,0.01,0.1,0.45,0.42,0.48,0.54,0.85,201,97
Kobe Bryant,0.03,0.13,0.08,0.26,0.02,0.01,0.13,0.43,0.31,0.47,0.47,0.84,198,96
Kosta Koufos,0.13,0.21,0.17,0.04,0.01,0.04,0.13,0.51,0,0.51,0.51,0.6,213,120
Kosta Perovic,0.16,0.21,0.18,0.03,0,0.04,0.07,0.3,,0.3,0.3,0.67,218,108
Kostas Papanikolaou,0.04,0.12,0.08,0.12,0.02,0.01,0.22,0.36,0.3,0.42,0.43,0.68,203,102
Kris Dunn,0.02,0.13,0.07,0.19,0.03,0.02,0.21,0.38,0.29,0.4,0.41,0.61,193,95
Kris Humphries,0.11,0.24,0.17,0.06,0.01,0.02,0.11,0.44,0.13,0.46,0.46,0.74,206,106
Kris Joseph,0.02,0.13,0.08,0.03,0.03,0,0.08,0.11,0,0.13,0.11,0.63,201,95
Kristaps Porzingis,0.06,0.19,0.13,0.08,0.01,0.05,0.1,0.44,0.35,0.47,0.49,0.81,221,108
Kurt Thomas,0.08,0.23,0.16,0.07,0.02,0.03,0.13,0.49,0.4,0.49,0.49,0.67,206,104
Kwame Brown,0.09,0.22,0.16,0.06,0.01,0.02,0.19,0.51,0,0.51,0.51,0.43,211,122
Kyle Anderson,0.03,0.2,0.11,0.12,0.02,0.02,0.13,0.42,0.32,0.44,0.44,0.73,206,104
Kyle Korver,0.01,0.11,0.06,0.11,0.01,0.01,0.12,0.45,0.43,0.48,0.58,0.88,201,96
Kyle Lowry,0.03,0.12,0.08,0.29,0.02,0.01,0.16,0.43,0.33,0.47,0.49,0.8,183,92
Kyle O'Quinn,0.1,0.24,0.17,0.13,0.01,0.05,0.16,0.5,0.12,0.52,0.51,0.73,208,113
Kyle Singler,0.04,0.1,0.07,0.05,0.01,0.01,0.11,0.4,0.34,0.44,0.48,0.76,203,103
Kyle Weaver,0.02,0.12,0.07,0.13,0.02,0.02,0.17,0.39,0.38,0.41,0.47,0.81,198,91
Kyle Wiltjer,0.1,0.15,0.12,0.06,0.03,0.02,0.25,0.29,0.31,0,0.43,0.5,208,108
Kyrie Irving,0.02,0.09,0.06,0.3,0.02,0.01,0.13,0.46,0.38,0.49,0.51,0.87,190,87
Kyrylo Fesenko,0.13,0.24,0.19,0.06,0.02,0.04,0.16,0.47,0,0.47,0.47,0.46,216,130
Lamar Odom,0.08,0.23,0.15,0.14,0.01,0.02,0.14,0.46,0.29,0.5,0.49,0.63,208,99
Lamar Patterson,0.02,0.14,0.08,0.17,0.01,0,0.2,0.28,0.21,0.37,0.33,0.7,196,102
LaMarcus Aldridge,0.09,0.19,0.14,0.1,0.01,0.02,0.08,0.49,0.22,0.49,0.49,0.81,211,117
Lance Allred,0,0.12,0.06,0,0,0,0,0.25,,0.25,0.25,0.5,211,113
Lance Stephenson,0.02,0.15,0.09,0.21,0.01,0.01,0.18,0.44,0.26,0.48,0.47,0.66,196,104
Lance Thomas,0.06,0.12,0.09,0.06,0.01,0,0.12,0.4,0.25,0.4,0.42,0.74,203,106
Landry Fields,0.05,0.15,0.1,0.1,0.02,0.01,0.14,0.46,0.26,0.5,0.48,0.69,201,95
Langston Galloway,0.02,0.11,0.06,0.13,0.02,0,0.09,0.39,0.39,0.39,0.48,0.81,188,90
Larry Drew,0.01,0.07,0.04,0.34,0.01,0,0.3,0.35,0.15,0.5,0.38,0.67,185,77
Larry Hughes,0.02,0.11,0.06,0.15,0.02,0.01,0.14,0.36,0.33,0.38,0.41,0.78,196,83
Larry Nance,0.09,0.19,0.14,0.08,0.02,0.02,0.12,0.53,0.19,0.55,0.53,0.71,208,92
Larry Owens,0.01,0.14,0.07,0.08,0.02,0.02,0.1,0.45,0.42,0.48,0.54,0.52,201,95
Larry Sanders,0.13,0.18,0.16,0.05,0.02,0.07,0.16,0.44,0,0.44,0.44,0.6,211,106
Lavoy Allen,0.12,0.19,0.15,0.09,0.01,0.03,0.12,0.47,0.08,0.47,0.47,0.68,206,117
Lazar Hayward,0.03,0.13,0.08,0.1,0.02,0.01,0.09,0.3,0.19,0.37,0.34,0.79,198,102
Leandro Barbosa,0.02,0.08,0.05,0.14,0.02,0.01,0.11,0.44,0.36,0.48,0.5,0.82,190,87
LeBron James,0.04,0.19,0.12,0.37,0.02,0.02,0.13,0.52,0.35,0.57,0.56,0.74,203,113
Leon Powe,0.11,0.17,0.14,0.03,0.01,0.01,0.1,0.5,0,0.51,0.5,0.6,203,108
Lester Hudson,0.03,0.1,0.07,0.18,0.03,0.01,0.18,0.36,0.34,0.38,0.43,0.77,190,86
Linas Kleiza,0.05,0.15,0.1,0.07,0.01,0.01,0.11,0.42,0.32,0.48,0.49,0.76,203,111
Lindsey Hunter,0.01,0.07,0.04,0.18,0.03,0,0.15,0.28,0.23,0.32,0.34,0.79,188,77
Linton Johnson,0.06,0.11,0.09,0.08,0,0,0.19,0.42,0.37,0.43,0.45,1,203,92
Loren Woods,0,0.07,0.03,0.2,0,0,0,0.6,,0.6,0.6,,216,111
Lorenzen Wright,0.07,0.15,0.11,0.05,0.01,0.02,0.2,0.3,,0.3,0.3,0.46,188,92
Lorenzo Brown,0.02,0.12,0.07,0.27,0.03,0.01,0.2,0.35,0.15,0.44,0.37,0.69,196,85
Lou Amundson,0.15,0.16,0.16,0.05,0.01,0.03,0.16,0.41,0,0.41,0.41,0.41,206,99
Lou Williams,0.02,0.09,0.05,0.2,0.02,0.01,0.11,0.42,0.35,0.46,0.48,0.84,206,90
Luc Mbah,0.07,0.13,0.1,0.06,0.02,0.01,0.13,0.46,0.25,0.48,0.48,0.65,201,99
Lucas Nogueira,0.09,0.25,0.17,0.06,0.03,0.04,0.18,0.52,0.29,0.53,0.52,0.56,213,109
Luigi Datome,0.04,0.16,0.1,0.11,0.01,0.01,0.1,0.44,0.34,0.5,0.51,0.93,203,97
Luis Montero,0,0.1,0.05,0.04,0,0,0.16,0.26,0.11,0.4,0.29,0.75,201,83
Luis Scola,0.08,0.21,0.15,0.11,0.01,0.01,0.12,0.49,0.15,0.5,0.5,0.73,206,108
Luke Babbitt,0.03,0.17,0.1,0.07,0.01,0.01,0.1,0.39,0.38,0.39,0.5,0.7,206,102
Luke Harangody,0.08,0.18,0.13,0.07,0.01,0.02,0.06,0.38,0.23,0.44,0.41,0.72,203,111
Luke Jackson,0.04,0.14,0.09,0.13,0.02,0,0.09,0.33,0.37,0.3,0.39,0.7,206,108
Luke Ridnour,0.02,0.08,0.05,0.26,0.02,0.01,0.15,0.42,0.34,0.45,0.47,0.8,188,79
Luke Walton,0.05,0.12,0.09,0.19,0.01,0.01,0.21,0.39,0.3,0.42,0.43,0.63,203,106
Luke Zeller,0.02,0.18,0.1,0.08,0,0,0,0.35,0.2,0.38,0.37,,211,111
Luol Deng,0.05,0.14,0.1,0.12,0.01,0.01,0.1,0.44,0.34,0.47,0.48,0.77,206,99
Luther Head,0.02,0.1,0.06,0.17,0.02,0.01,0.14,0.4,0.37,0.43,0.48,0.79,190,83
Maalik Wayns,0,0.09,0.05,0.25,0.05,0,0.09,0.37,0.25,0.41,0.41,0.92,188,90
Maceo Baston,0.11,0.18,0.14,0.05,0.01,0.03,0.15,0.61,0,0.62,0.61,0.67,206,97
Malachi Richardson,0.02,0.12,0.07,0.09,0.01,0.01,0.1,0.41,0.29,0.5,0.47,0.79,198,92
Malcolm Brogdon,0.03,0.1,0.06,0.24,0.02,0.01,0.14,0.46,0.4,0.48,0.52,0.87,196,97
Malcolm Delaney,0.01,0.1,0.06,0.23,0.02,0,0.18,0.37,0.24,0.43,0.41,0.81,190,86
Malcolm Lee,0.03,0.06,0.05,0.1,0.01,0.01,0.1,0.26,0.27,0.28,0.28,0.71,196,90
Malcolm Thomas,0.09,0.26,0.18,0.07,0.01,0.04,0.22,0.34,0.17,0.37,0.35,0.44,206,102
Malik Allen,0.08,0.13,0.11,0.06,0.01,0.02,0.12,0.44,0.29,0.44,0.44,0.78,208,115
Malik Beasley,0.03,0.08,0.06,0.1,0.02,0,0.09,0.45,0.32,0.53,0.51,0.8,196,88
Malik Hairston,0.07,0.13,0.1,0.11,0.01,0.03,0.15,0.51,0.09,0.54,0.51,0.43,198,99
Malik Rose,0.05,0.19,0.12,0.11,0.01,0.01,0.19,0.34,0.07,0.36,0.34,0.76,201,113
Manny Harris,0.06,0.18,0.12,0.12,0.01,0.01,0.13,0.34,0.26,0.36,0.38,0.7,196,83
Manu Ginobili,0.03,0.13,0.08,0.27,0.03,0.01,0.16,0.45,0.37,0.5,0.53,0.83,198,92
Marc Gasol,0.06,0.2,0.13,0.16,0.01,0.04,0.13,0.5,0.22,0.51,0.51,0.78,216,115
Marcelo Huertas,0.02,0.1,0.06,0.32,0.02,0.01,0.22,0.4,0.24,0.45,0.43,0.73,190,90
Marcin Gortat,0.11,0.25,0.18,0.06,0.01,0.04,0.12,0.55,0.25,0.55,0.55,0.67,211,108
Marco Belinelli,0.01,0.09,0.05,0.11,0.01,0,0.11,0.42,0.38,0.45,0.5,0.82,196,95
Marcus Banks,0.01,0.08,0.05,0.19,0.02,0.01,0.18,0.37,0.28,0.45,0.43,0.69,188,90
Marcus Camby,0.12,0.32,0.22,0.11,0.02,0.05,0.15,0.45,0.25,0.45,0.45,0.57,211,99
Marcus Cousin,0,0.2,0.1,0,0,0.05,0.25,0.67,,0.67,0.67,,211,111
Marcus Georges-Hunt,0.02,0.19,0.1,0.08,0.01,0,0.15,0.29,0.5,0.2,0.36,0.9,196,97
Marcus Haislip,0.11,0.16,0.13,0,0,0.03,0.12,0.48,0.6,0.44,0.55,0.4,208,104
Marcus Landry,0.03,0.1,0.07,0,0,0.01,0.08,0.25,0.22,0.47,0.33,0.6,201,104
Marcus Morris,0.05,0.14,0.09,0.08,0.01,0.01,0.1,0.41,0.33,0.46,0.47,0.66,188,88
Marcus Smart,0.04,0.11,0.07,0.18,0.03,0.01,0.14,0.36,0.29,0.42,0.43,0.75,193,99
Marcus Thornton,0.04,0.11,0.07,0.1,0.02,0,0.09,0.41,0.34,0.46,0.48,0.82,193,92
Marcus Vinicius,0.02,0.12,0.07,0.04,0.01,0.01,0.11,0.45,0.42,0.5,0.58,0.46,206,97
Marcus Williams,0.04,0.12,0.08,0.17,0.01,0.06,0.08,0.36,0.34,0.36,0.39,0.6,185,89
Mardy Collins,0.03,0.1,0.07,0.19,0.02,0.01,0.19,0.38,0.27,0.4,0.4,0.59,198,99
Mario Chalmers,0.02,0.1,0.06,0.22,0.03,0.01,0.18,0.41,0.32,0.47,0.48,0.81,188,86
Mario Hezonja,0.02,0.13,0.08,0.1,0.01,0.01,0.16,0.39,0.32,0.45,0.47,0.85,203,97
Mario West,0.08,0.12,0.1,0.1,0.03,0.01,0.16,0.46,0.31,0.48,0.47,0.58,208,104
Mark Blount,0.06,0.17,0.11,0.04,0.01,0.02,0.13,0.42,0.4,0.42,0.47,0.63,213,104
Mark Madsen,0.12,0.12,0.12,0.04,0.01,0.01,0.22,0.19,,0.19,0.19,0.13,206,108
Markel Brown,0.02,0.12,0.07,0.11,0.02,0.01,0.12,0.38,0.29,0.42,0.43,0.79,190,83
Markieff Morris,0.06,0.18,0.12,0.11,0.02,0.02,0.13,0.44,0.32,0.47,0.47,0.76,188,88
Marko Jaric,0.03,0.09,0.06,0.2,0.02,0.01,0.2,0.38,0.38,0.38,0.42,0.72,201,89
Marquese Chriss,0.06,0.16,0.11,0.05,0.02,0.03,0.13,0.45,0.32,0.52,0.51,0.62,208,105
Marquis Daniels,0.04,0.11,0.07,0.12,0.02,0.01,0.13,0.44,0.19,0.47,0.45,0.7,198,90
Marquis Teague,0,0.11,0.06,0.22,0.01,0.01,0.23,0.34,0.26,0.36,0.36,0.7,188,85
Marreese Speights,0.11,0.21,0.16,0.07,0.01,0.03,0.11,0.46,0.25,0.47,0.47,0.79,208,115
Marshall Plumlee,0.15,0.18,0.16,0.08,0.01,0.02,0.24,0.53,,0.53,0.53,0.42,211,111
MarShon Brooks,0.04,0.17,0.11,0.11,0.02,0.01,0.13,0.43,0.36,0.45,0.47,0.74,196,90
Martell Webster,0.03,0.11,0.07,0.06,0.01,0.01,0.1,0.35,0.32,0.44,0.43,0.79,216,102
Marvin Williams,0.05,0.17,0.11,0.07,0.01,0.01,0.09,0.44,0.33,0.49,0.5,0.81,185,89
Mason Plumlee,0.1,0.22,0.16,0.15,0.02,0.03,0.16,0.56,0,0.57,0.56,0.59,211,111
Matt Barnes,0.05,0.17,0.11,0.12,0.02,0.02,0.15,0.43,0.33,0.52,0.51,0.77,203,95
Matt Bonner,0.04,0.15,0.1,0.07,0.01,0.01,0.07,0.46,0.41,0.51,0.58,0.76,208,106
Matt Carroll,0.02,0.09,0.06,0.09,0.01,0.01,0.13,0.38,0.26,0.42,0.42,0.86,198,96
Matt Harpring,0.08,0.13,0.11,0.08,0.02,0.01,0.12,0.48,0.1,0.49,0.48,0.74,201,104
Matthew Dellavedova,0.02,0.08,0.05,0.24,0.01,0,0.17,0.39,0.39,0.39,0.49,0.82,193,89
Maurice Ager,0.02,0.07,0.05,0.07,0,0.01,0.12,0.36,0.24,0.39,0.4,0.5,196,91
Maurice Evans,0.05,0.08,0.06,0.07,0.02,0.01,0.06,0.42,0.34,0.48,0.49,0.8,196,99
Maurice Harkless,0.06,0.12,0.09,0.06,0.02,0.02,0.12,0.46,0.29,0.54,0.5,0.59,206,97
Maurice Ndour,0.07,0.14,0.1,0.04,0.02,0.02,0.11,0.45,0.14,0.48,0.46,0.73,206,90
Mehmet Okur,0.06,0.19,0.13,0.11,0.01,0.02,0.12,0.42,0.37,0.45,0.48,0.76,211,112
Melvin Ely,0.06,0.13,0.09,0.05,0,0.02,0.13,0.48,,0.48,0.48,0.6,208,117
Metta World,0.04,0.11,0.08,0.11,0.03,0.01,0.11,0.38,0.33,0.42,0.45,0.68,190,81
Meyers Leonard,0.06,0.22,0.14,0.07,0.01,0.02,0.12,0.47,0.31,0.52,0.53,0.83,216,111
Michael Beasley,0.05,0.18,0.12,0.1,0.01,0.02,0.12,0.47,0.35,0.48,0.49,0.75,206,106
Michael Carter-Williams,0.03,0.15,0.09,0.31,0.03,0.02,0.18,0.4,0.23,0.44,0.42,0.7,198,86
Michael Doleac,0.07,0.15,0.11,0.04,0.02,0.03,0.16,0.44,,0.44,0.44,0.5,211,118
Michael Finley,0.01,0.11,0.06,0.09,0.01,0.01,0.09,0.44,0.39,0.47,0.52,0.63,201,97
Michael Gbinije,0.07,0.04,0.05,0.08,0,0,0,0.1,0,0.17,0.1,1,201,90
Michael Kidd-Gilchrist,0.07,0.19,0.13,0.08,0.01,0.02,0.1,0.48,0.22,0.49,0.49,0.71,201,105
Michael Redd,0.02,0.09,0.05,0.13,0.01,0,0.08,0.41,0.32,0.46,0.46,0.83,198,99
Michael Ruffin,0.19,0.18,0.18,0.03,0.04,0.02,0.19,0.41,,0.41,0.41,0.7,206,111
Mickael Gelabale,0.05,0.11,0.08,0.09,0.01,0.01,0.12,0.48,0.37,0.54,0.53,0.83,201,97
Mickael Pietrus,0.03,0.12,0.07,0.05,0.02,0.01,0.1,0.4,0.36,0.46,0.51,0.65,198,97
Mickell Gladness,0.06,0.26,0.16,0.05,0.01,0.05,0.22,0.4,,0.4,0.4,0.5,211,99
Mike Bibby,0.01,0.1,0.06,0.25,0.02,0,0.14,0.38,0.36,0.39,0.47,0.73,185,86
Mike Conley,0.02,0.09,0.05,0.29,0.02,0,0.14,0.44,0.37,0.47,0.49,0.81,185,79
Mike Dunleavy,0.02,0.13,0.08,0.11,0.01,0.01,0.11,0.43,0.39,0.47,0.53,0.81,190,81
Mike Harris,0.12,0.18,0.15,0.05,0.02,0.02,0.13,0.42,0,0.43,0.42,0.71,198,108
Mike James,0.02,0.08,0.05,0.21,0.02,0,0.14,0.35,0.4,0.34,0.4,0.69,188,85
Mike Miller,0.03,0.18,0.1,0.14,0.01,0,0.18,0.43,0.41,0.44,0.56,0.74,203,98
Mike Muscala,0.09,0.16,0.12,0.09,0.01,0.03,0.13,0.49,0.28,0.53,0.53,0.86,211,108
Mike Scott,0.07,0.17,0.12,0.1,0.01,0.01,0.1,0.43,0.24,0.5,0.48,0.8,203,107
Mike Taylor,0.03,0.1,0.07,0.23,0.02,0,0.19,0.41,0.33,0.43,0.44,0.69,188,74
Mike Tobey,0.09,0.04,0.07,0.05,0,0,0.2,0.25,,0.25,0.25,,213,117
Mike Wilks,0.02,0.08,0.05,0.16,0.02,0,0.2,0.49,0.39,0.5,0.55,0.88,178,83
Mikki Moore,0.08,0.16,0.12,0.07,0.01,0.02,0.18,0.55,0,0.55,0.55,0.76,211,102
Miles Plumlee,0.12,0.18,0.15,0.05,0.01,0.04,0.17,0.49,,0.49,0.49,0.58,211,112
Mindaugas Kuzminskas,0.05,0.08,0.07,0.1,0.01,0.01,0.11,0.43,0.32,0.52,0.5,0.81,206,97
Miroslav Raduljica,0.11,0.15,0.13,0.04,0.02,0.01,0.17,0.46,,0.46,0.46,0.91,213,113
Mirza Teletovic,0.04,0.17,0.11,0.08,0.01,0.01,0.1,0.4,0.36,0.47,0.51,0.76,206,109
Mitch McGary,0.09,0.22,0.16,0.05,0.01,0.02,0.17,0.51,0,0.56,0.51,0.51,208,115
Mo Williams,0.02,0.08,0.05,0.3,0.01,0,0.16,0.42,0.37,0.45,0.49,0.88,203,102
Monta Ellis,0.02,0.09,0.05,0.23,0.02,0.01,0.14,0.45,0.31,0.48,0.47,0.78,190,83
Montrezl Harrell,0.08,0.13,0.1,0.08,0.01,0.03,0.12,0.65,0.07,0.66,0.65,0.58,203,108
Morris Almond,0.02,0.1,0.06,0.06,0.03,0,0.1,0.34,0.29,0.36,0.37,0.6,198,102
Morris Peterson,0.02,0.14,0.08,0.06,0.01,0,0.05,0.4,0.29,0.44,0.48,0.67,201,98
Mouhamed Sene,0.2,0.35,0.27,0.01,0.01,0.09,0.18,0.58,,0.58,0.58,0.76,201,99
Mustafa Shakur,0.02,0.06,0.04,0.35,0.01,0.01,0.28,0.18,0.05,0.2,0.18,0.52,190,86
Mychel Thompson,0,0.06,0.03,0.12,0.01,0.01,0.17,0.29,0.36,0.23,0.38,,208,102
Myles Turner,0.06,0.2,0.13,0.06,0.01,0.06,0.1,0.5,0.28,0.52,0.52,0.77,211,110
Nando De,0.03,0.13,0.09,0.21,0.02,0.01,0.19,0.42,0.35,0.45,0.48,0.87,206,97
Nate Robinson,0.02,0.07,0.05,0.24,0.02,0,0.11,0.37,0.32,0.44,0.44,0.77,175,81
Nate Wolters,0.04,0.12,0.08,0.15,0.02,0.01,0.16,0.37,0.07,0.42,0.38,0.43,193,86
Nathan Jawai,0.1,0.11,0.1,0.04,0.01,0.01,0.25,0.35,0,0.35,0.35,0.68,208,127
Nazr Mohammed,0.12,0.2,0.16,0.04,0.01,0.03,0.16,0.49,0,0.49,0.49,0.6,208,100
Nemanja Bjelica,0.05,0.18,0.12,0.11,0.01,0.02,0.14,0.45,0.35,0.55,0.54,0.73,208,108
Nemanja Nedovic,0.02,0.09,0.06,0.12,0,0.01,0.23,0.21,0.17,0.24,0.24,0.88,190,87
Nenad Krstic,0.09,0.17,0.13,0.04,0.01,0.02,0.1,0.49,0.1,0.49,0.49,0.77,213,108
Nene Hilario,0.07,0.21,0.14,0.12,0.02,0.02,0.15,0.54,0.09,0.55,0.54,0.65,211,113
Nerlens Noel,0.09,0.22,0.15,0.09,0.03,0.04,0.14,0.55,0.17,0.55,0.55,0.66,211,103
Nick Calathes,0.02,0.12,0.07,0.27,0.03,0.01,0.21,0.44,0.28,0.47,0.47,0.57,198,96
Nick Collison,0.1,0.16,0.13,0.09,0.01,0.02,0.17,0.55,0.08,0.56,0.55,0.71,208,115
Nick Fazekas,0.14,0.24,0.19,0.05,0.01,0.02,0.08,0.51,0,0.52,0.51,0.68,211,106
Nick Johnson,0.06,0.11,0.08,0.06,0.01,0.01,0.18,0.35,0.24,0.39,0.38,0.68,190,91
Nick Young,0.02,0.08,0.05,0.07,0.01,0.01,0.09,0.41,0.37,0.43,0.48,0.84,201,95
Nicolas Batum,0.04,0.15,0.09,0.16,0.02,0.02,0.14,0.44,0.36,0.52,0.53,0.84,203,90
Nicolas Brussino,0.06,0.16,0.11,0.14,0.02,0.01,0.15,0.37,0.31,0.5,0.47,0.77,201,88
Nicolas Laprovittola,0.01,0.06,0.03,0.23,0.01,0.01,0.27,0.43,0.37,0.5,0.53,1,193,81
Nik Stauskas,0.01,0.09,0.05,0.11,0.01,0.01,0.13,0.38,0.34,0.44,0.48,0.81,198,92
Nikola Jokic,0.12,0.26,0.19,0.23,0.02,0.02,0.14,0.55,0.33,0.58,0.57,0.82,208,113
Nikola Mirotic,0.04,0.21,0.12,0.09,0.02,0.02,0.11,0.41,0.35,0.48,0.51,0.79,208,99
Nikola Pekovic,0.12,0.16,0.14,0.06,0.01,0.02,0.13,0.49,,0.49,0.49,0.77,211,139
Nikola Vucevic,0.11,0.26,0.18,0.12,0.01,0.02,0.11,0.5,0.25,0.5,0.5,0.69,213,117
Noah Vonleh,0.1,0.23,0.16,0.03,0.01,0.02,0.14,0.43,0.32,0.45,0.45,0.69,208,108
Nolan Smith,0.03,0.08,0.06,0.19,0.02,0,0.18,0.37,0.25,0.41,0.4,0.71,188,83
Norman Powell,0.02,0.13,0.08,0.1,0.02,0.01,0.11,0.44,0.36,0.48,0.5,0.8,193,97
Norris Cole,0.01,0.09,0.05,0.19,0.02,0,0.15,0.4,0.31,0.43,0.44,0.75,188,79
O.J. Mayo,0.02,0.1,0.06,0.16,0.02,0.01,0.14,0.42,0.37,0.45,0.49,0.81,201,99
Ognjen Kuzmic,0.11,0.14,0.13,0.07,0.02,0.02,0.31,0.53,,0.53,0.53,0.73,216,113
Okaro White,0.06,0.14,0.1,0.06,0.01,0.02,0.16,0.38,0.35,0.4,0.45,0.91,203,92
Oleksiy Pecherov,0.1,0.19,0.15,0.03,0.01,0.02,0.11,0.38,0.29,0.44,0.44,0.79,213,105
Oliver Lafayette,0.06,0.16,0.11,0.14,0,0,0.14,0.5,0.5,0.5,0.58,,188,86
Omer Asik,0.13,0.27,0.2,0.04,0.01,0.03,0.2,0.52,0,0.52,0.52,0.55,213,115
Omri Casspi,0.05,0.15,0.1,0.08,0.02,0.01,0.13,0.46,0.36,0.5,0.52,0.64,206,102
Orien Greene,0,0.06,0.03,0.22,0.07,0.01,0.19,0.39,0,0.4,0.39,0.5,193,94
Orlando Johnson,0.04,0.12,0.08,0.07,0.01,0.02,0.1,0.29,0.22,0.33,0.33,0.69,196,99
Othella Harrington,0.08,0.22,0.15,0.04,0,0.02,0.18,0.43,,0.43,0.43,0.63,206,106
Othello Hunter,0.16,0.2,0.18,0.01,0.01,0.03,0.13,0.44,,0.44,0.44,0.38,203,102
Othyus Jeffers,0.05,0.2,0.12,0.07,0.01,0,0.16,0.4,0.1,0.54,0.4,0.71,196,90
Otto Porter,0.06,0.14,0.1,0.07,0.02,0.01,0.09,0.45,0.33,0.5,0.51,0.75,203,89
P.J. Brown,0.18,0.21,0.19,0.07,0.01,0.03,0.17,0.34,0,0.35,0.34,0.69,229,106
P.J. Hairston,0.02,0.12,0.07,0.05,0.01,0.01,0.09,0.35,0.28,0.43,0.43,0.79,206,102
P.J. Tucker,0.06,0.17,0.11,0.07,0.02,0.01,0.12,0.43,0.35,0.46,0.49,0.75,206,97
Pablo Prigioni,0.03,0.09,0.06,0.23,0.03,0,0.22,0.41,0.36,0.53,0.53,0.87,190,83
Pape Sy,0.12,0.06,0.09,0.15,0.03,0,0.29,0.33,0,0.4,0.33,1,201,102
Pascal Siakam,0.08,0.16,0.12,0.03,0.02,0.05,0.13,0.5,0.14,0.52,0.51,0.69,206,104
Pat Connaughton,0.06,0.15,0.11,0.11,0.01,0,0.17,0.39,0.38,0.4,0.47,0.89,196,93
Pat Garrity,0.04,0.14,0.09,0.07,0.01,0,0.17,0.34,0.22,0.44,0.39,0.8,206,107
Patricio Garino,0.03,0.16,0.09,0,0,0,0.3,0,0,0,0,,198,95
Patrick Beverley,0.05,0.11,0.08,0.18,0.02,0.01,0.14,0.41,0.37,0.46,0.51,0.77,185,83
Patrick Christopher,0.08,0.16,0.12,0,0.02,0,0.08,0.25,0,0.38,0.25,,196,94
Patrick Ewing,0.06,0.06,0.06,0.14,0,0.04,0.13,0,0,0,0,0.75,213,108
Patrick McCaw,0.02,0.08,0.05,0.09,0.01,0.01,0.12,0.43,0.33,0.53,0.52,0.78,201,83
Patrick O'Bryant,0.07,0.23,0.15,0.06,0.02,0.06,0.2,0.54,0,0.55,0.54,0.54,213,117
Patrick Patterson,0.08,0.16,0.12,0.08,0.01,0.02,0.1,0.47,0.3,0.51,0.52,0.74,206,104
Patty Mills,0.02,0.07,0.05,0.21,0.02,0,0.12,0.44,0.41,0.48,0.53,0.82,203,111
Pau Gasol,0.08,0.22,0.16,0.16,0.01,0.03,0.11,0.51,0.29,0.52,0.52,0.78,213,113
Paul Davis,0.08,0.09,0.09,0.3,0.01,0.04,0.07,0.43,0,0.43,0.43,0.63,211,122
Paul George,0.03,0.18,0.11,0.15,0.03,0.01,0.14,0.43,0.37,0.46,0.5,0.82,206,99
Paul Millsap,0.09,0.2,0.15,0.13,0.02,0.03,0.12,0.49,0.24,0.51,0.51,0.74,203,111
Paul Pierce,0.02,0.16,0.09,0.16,0.02,0.01,0.14,0.44,0.37,0.49,0.52,0.82,201,106
Paul Zipser,0.02,0.14,0.08,0.06,0.01,0.02,0.14,0.4,0.33,0.45,0.47,0.78,203,97
Peja Stojakovic,0.02,0.12,0.07,0.08,0.01,0,0.08,0.46,0.45,0.48,0.59,0.92,206,99
Pero Antic,0.07,0.16,0.12,0.08,0.01,0.01,0.13,0.39,0.31,0.5,0.48,0.74,211,117
Perry Jones,0.04,0.14,0.09,0.05,0.01,0.02,0.11,0.42,0.2,0.46,0.45,0.66,211,106
Peyton Siva,0.01,0.06,0.03,0.21,0.02,0,0.22,0.32,0.28,0.34,0.38,0.73,183,83
Phil Pressey,0.02,0.1,0.06,0.36,0.03,0.01,0.25,0.37,0.21,0.42,0.4,0.58,180,79
Pierre Jackson,0.01,0.12,0.06,0.38,0.01,0,0.07,0.33,0.27,0.36,0.37,0.86,178,81
Pops Mensah-Bonsu,0.18,0.24,0.21,0.05,0.02,0.03,0.18,0.41,0,0.41,0.41,0.61,206,108
Primoz Brezec,0.11,0.14,0.13,0.03,0.01,0.02,0.13,0.45,,0.45,0.45,0.43,218,114
Quentin Richardson,0.06,0.17,0.11,0.07,0.01,0,0.11,0.33,0.33,0.35,0.42,0.79,198,101
Quincy Acy,0.07,0.18,0.13,0.05,0.01,0.02,0.12,0.45,0.34,0.48,0.5,0.72,201,108
Quincy Douby,0.03,0.09,0.06,0.15,0.01,0.01,0.13,0.42,0.34,0.47,0.48,0.88,190,79
Quincy Miller,0.04,0.13,0.09,0.1,0.02,0.03,0.11,0.28,0.16,0.33,0.32,0.67,206,95
Quincy Pondexter,0.04,0.09,0.06,0.07,0.01,0.01,0.1,0.41,0.35,0.47,0.49,0.73,201,99
Quinn Cook,0.01,0.04,0.02,0.23,0.01,0,0.17,0.49,0.43,0.55,0.58,0.36,188,83
Quinton Ross,0.03,0.08,0.06,0.05,0.01,0.01,0.09,0.38,0.23,0.41,0.4,0.59,198,88
R.J. Hunter,0,0.12,0.06,0.03,0.01,0.01,0.05,0.18,0.15,0.49,0.23,0.86,201,104
Raef LaFrentz,0.11,0.16,0.14,0.03,0.02,0.05,0.13,0.44,0,0.47,0.44,0.58,211,108
Rafer Alston,0.01,0.09,0.05,0.24,0.02,0,0.15,0.37,0.34,0.39,0.44,0.72,188,77
Raja Bell,0.02,0.1,0.06,0.11,0.01,0,0.08,0.46,0.47,0.45,0.57,0.89,196,92
Rajon Rondo,0.04,0.14,0.09,0.43,0.03,0,0.22,0.45,0.29,0.47,0.47,0.56,185,84
Rakeem Christmas,0.16,0.08,0.12,0.01,0,0.01,0.06,0.72,,0.72,0.72,0.72,206,113
Ramon Sessions,0.02,0.11,0.06,0.29,0.01,0,0.16,0.42,0.31,0.44,0.45,0.78,190,86
Randolph Morris,0.07,0.21,0.14,0.03,0.02,0.01,0.19,0.45,,0.45,0.45,0.69,208,120
Randy Foye,0.01,0.09,0.05,0.17,0.01,0.01,0.13,0.39,0.35,0.42,0.47,0.84,193,96
Rashad McCants,0.02,0.1,0.06,0.12,0.02,0.01,0.11,0.41,0.35,0.45,0.48,0.76,193,93
Rashad Vaughn,0.01,0.1,0.06,0.06,0.02,0.02,0.09,0.34,0.31,0.37,0.42,0.6,198,91
Rashard Lewis,0.04,0.13,0.09,0.08,0.02,0.01,0.12,0.43,0.36,0.48,0.51,0.79,198,90
Rasheed Wallace,0.04,0.24,0.14,0.07,0.02,0.04,0.08,0.41,0.33,0.48,0.48,0.75,208,102
Rasho Nesterovic,0.1,0.15,0.12,0.11,0.01,0.03,0.11,0.54,0.17,0.54,0.54,0.58,213,112
Rasual Butler,0.02,0.11,0.06,0.06,0.01,0.02,0.08,0.41,0.37,0.44,0.5,0.71,201,97
Raul Neto,0.01,0.08,0.05,0.17,0.03,0.01,0.17,0.44,0.36,0.49,0.51,0.82,185,81
Ray Allen,0.02,0.09,0.06,0.12,0.01,0,0.11,0.46,0.41,0.51,0.56,0.91,203,99
Ray McCallum,0.02,0.09,0.06,0.2,0.01,0.01,0.13,0.39,0.35,0.4,0.43,0.74,190,86
Raymond Felton,0.02,0.09,0.06,0.29,0.02,0.01,0.16,0.42,0.33,0.45,0.47,0.78,185,92
Reggie Bullock,0.02,0.14,0.08,0.05,0.01,0.01,0.09,0.34,0.3,0.4,0.43,0.73,201,92
Reggie Evans,0.15,0.29,0.22,0.04,0.02,0.01,0.22,0.45,0.25,0.46,0.46,0.54,203,111
Reggie Jackson,0.03,0.11,0.07,0.3,0.02,0,0.15,0.42,0.3,0.47,0.46,0.85,190,94
Reggie Williams,0.03,0.1,0.06,0.13,0.02,0,0.09,0.44,0.33,0.52,0.51,0.77,201,86
Renaldo Balkman,0.07,0.15,0.11,0.06,0.03,0.02,0.13,0.45,0.27,0.46,0.48,0.61,203,94
Richard Hamilton,0.03,0.08,0.05,0.22,0.01,0,0.12,0.44,0.36,0.46,0.47,0.84,198,83
Richard Jefferson,0.02,0.12,0.07,0.09,0.01,0.01,0.11,0.45,0.39,0.48,0.53,0.73,201,105
Richaun Holmes,0.09,0.16,0.12,0.08,0.02,0.04,0.11,0.54,0.27,0.6,0.56,0.69,208,111
Richie Frahm,0.03,0.07,0.05,0.08,0.01,0,0.1,0.37,0.28,0.45,0.44,0,196,95
Ricky Davis,0.02,0.1,0.06,0.15,0.01,0,0.15,0.4,0.37,0.42,0.47,0.74,198,88
Ricky Ledo,0.06,0.09,0.08,0.12,0.01,0,0.18,0.26,0.29,0.25,0.31,0.74,201,88
Ricky Rubio,0.03,0.13,0.08,0.4,0.03,0,0.21,0.37,0.31,0.39,0.41,0.82,193,87
Rob Kurz,0.08,0.12,0.1,0.07,0.02,0.03,0.1,0.39,0.4,0.39,0.45,0.8,206,105
Robbie Hummel,0.05,0.17,0.11,0.05,0.01,0.01,0.07,0.42,0.34,0.46,0.49,0.88,203,97
Robert Covington,0.05,0.16,0.1,0.06,0.03,0.01,0.12,0.4,0.36,0.51,0.52,0.81,206,97
Robert Horry,0.07,0.15,0.11,0.12,0.02,0.03,0.14,0.32,0.26,0.41,0.4,0.64,206,99
Robert Sacre,0.08,0.15,0.11,0.06,0.01,0.03,0.12,0.42,0,0.42,0.42,0.66,213,122
Robert Swift,0.07,0.18,0.12,0.03,0.02,0.04,0.23,0.44,,0.44,0.44,0.88,213,111
Robin Lopez,0.12,0.14,0.13,0.04,0.01,0.04,0.12,0.52,0,0.53,0.52,0.75,213,115
Rodney Carney,0.07,0.1,0.09,0.04,0.03,0.01,0.08,0.4,0.31,0.45,0.46,0.72,201,92
Rodney Hood,0.01,0.12,0.07,0.13,0.01,0.01,0.1,0.41,0.37,0.46,0.5,0.8,203,93
Rodney McGruder,0.05,0.09,0.07,0.09,0.01,0.01,0.1,0.41,0.33,0.49,0.49,0.62,193,92
Rodney Stuckey,0.03,0.1,0.06,0.21,0.02,0,0.13,0.42,0.28,0.44,0.44,0.82,196,95
Rodrigue Beaubois,0.02,0.11,0.06,0.21,0.02,0.01,0.15,0.43,0.32,0.49,0.49,0.8,183,77
Roger Mason,0.01,0.11,0.06,0.11,0.01,0.01,0.1,0.4,0.38,0.43,0.51,0.85,196,90
Roko Ukic,0.02,0.05,0.03,0.24,0.01,0,0.15,0.42,0.21,0.52,0.46,0.78,196,83
Ron Baker,0.02,0.11,0.06,0.17,0.02,0.01,0.19,0.38,0.27,0.45,0.43,0.65,193,99
Ronald Dupree,0.03,0.27,0.15,0.06,0.01,0,0,0.31,0,0.33,0.31,1,201,94
Ronald Murray,0.02,0.09,0.06,0.2,0.02,0.01,0.13,0.41,0.32,0.44,0.45,0.71,193,86
Rondae Hollis-Jefferson,0.06,0.21,0.14,0.12,0.03,0.02,0.15,0.45,0.26,0.47,0.46,0.73,201,99
Ronnie Brewer,0.04,0.1,0.07,0.09,0.03,0.01,0.1,0.38,0.23,0.41,0.4,0.51,193,81
Ronnie Price,0.03,0.08,0.05,0.2,0.03,0.01,0.18,0.35,0.28,0.39,0.41,0.74,188,86
Ronny Turiaf,0.07,0.17,0.12,0.1,0.02,0.05,0.23,0.6,0,0.61,0.6,0.58,208,112
Roy Hibbert,0.1,0.17,0.13,0.09,0.01,0.06,0.15,0.5,0.16,0.5,0.5,0.76,218,122
Royal Ivey,0.02,0.1,0.06,0.09,0.02,0,0.1,0.35,0.33,0.37,0.43,0.68,190,90
Royce White,0,0,0,0,0,0,0,0,,0,0,,203,95
Ruben Patterson,0.08,0.14,0.11,0.09,0.03,0.02,0.21,0.45,0,0.46,0.45,0.56,196,101
Rudy Fernandez,0.02,0.1,0.06,0.15,0.02,0.01,0.13,0.4,0.35,0.47,0.51,0.82,198,83
Rudy Gay,0.05,0.15,0.1,0.12,0.02,0.02,0.12,0.45,0.34,0.47,0.48,0.81,203,104
Rudy Gobert,0.13,0.28,0.21,0.06,0.01,0.07,0.19,0.58,0,0.58,0.58,0.58,216,111
Russ Smith,0.02,0.1,0.06,0.2,0.03,0,0.27,0.31,0.19,0.38,0.35,0.82,183,74
Russell Westbrook,0.06,0.15,0.1,0.41,0.03,0.01,0.16,0.43,0.3,0.46,0.46,0.82,190,90
Ryan Anderson,0.09,0.15,0.12,0.06,0.01,0.01,0.08,0.42,0.38,0.47,0.52,0.86,208,108
Ryan Bowen,0.1,0.1,0.1,0.04,0.04,0.01,0.08,0.69,0,0.69,0.69,0.72,201,97
Ryan Gomes,0.04,0.13,0.09,0.07,0.01,0,0.11,0.41,0.26,0.47,0.45,0.78,201,113
Ryan Hollins,0.1,0.13,0.11,0.03,0.01,0.04,0.2,0.58,0,0.58,0.58,0.6,213,108
Ryan Kelly,0.03,0.17,0.1,0.1,0.01,0.02,0.1,0.35,0.3,0.37,0.41,0.79,211,104
Ryan Reid,0.07,0.06,0.07,0,0,0,0.17,0.8,,0.8,0.8,,203,105
Salah Mejri,0.12,0.26,0.18,0.03,0.01,0.07,0.19,0.64,0.17,0.64,0.64,0.59,216,111
Salim Stoudamire,0.01,0.06,0.04,0.12,0.01,0.01,0.09,0.36,0.34,0.38,0.44,0.82,185,81
Sam Cassell,0.02,0.11,0.06,0.29,0.02,0,0.14,0.43,0.32,0.44,0.45,0.87,190,83
Sam Dekker,0.04,0.17,0.1,0.04,0.05,0.01,0.08,0.47,0.32,0.59,0.54,0.56,206,104
Sam Young,0.05,0.13,0.09,0.07,0.02,0.01,0.12,0.39,0.29,0.4,0.42,0.71,198,99
Samardo Samuels,0.09,0.14,0.11,0.05,0.01,0.02,0.13,0.43,0,0.43,0.43,0.63,206,117
Samuel Dalembert,0.13,0.26,0.19,0.04,0.01,0.05,0.18,0.51,0.17,0.51,0.51,0.73,211,115
Sasha Kaun,0.14,0.17,0.16,0.05,0.02,0.04,0.24,0.53,,0.53,0.53,0.46,211,117
Sasha Pavlovic,0.01,0.11,0.06,0.09,0.01,0.02,0.13,0.37,0.32,0.41,0.44,0.48,211,122
Sasha Vujacic,0.02,0.13,0.08,0.12,0.02,0,0.13,0.39,0.38,0.4,0.48,0.79,201,88
Scot Pollard,0.1,0.15,0.13,0.03,0.01,0.03,0.13,0.52,,0.52,0.52,0.68,211,120
Scott Machado,0,0.05,0.03,0.44,0.05,0,0.54,0.5,0,0.6,0.5,1,185,92
Scotty Hopson,0,0,0,0.19,0.07,0,0,0,0,0,0,0.5,201,92
Sean Kilpatrick,0.02,0.09,0.06,0.09,0.01,0,0.11,0.41,0.32,0.59,0.49,0.9,193,95
Sean Marks,0.12,0.17,0.15,0.03,0.01,0.03,0.16,0.49,0.48,0.49,0.5,0.58,208,113
Sean May,0.08,0.19,0.13,0.07,0.01,0.01,0.16,0.43,0.5,0.43,0.43,0.68,206,120
Sean Singletary,0.04,0.1,0.07,0.14,0.02,0,0.19,0.36,0.4,0.35,0.42,0.89,183,83
Sean Williams,0.12,0.15,0.13,0.06,0.02,0.06,0.23,0.52,0,0.52,0.52,0.75,208,106
Sebastian Telfair,0.01,0.08,0.04,0.26,0.02,0.01,0.16,0.39,0.3,0.43,0.44,0.78,183,74
Semaj Christon,0.02,0.08,0.05,0.18,0.01,0.01,0.15,0.35,0.19,0.41,0.37,0.55,190,86
Semih Erden,0.08,0.15,0.12,0.04,0.01,0.03,0.17,0.49,,0.49,0.49,0.66,213,108
Serge Ibaka,0.09,0.19,0.14,0.04,0.01,0.06,0.11,0.51,0.34,0.53,0.54,0.77,208,106
Sergey Karasev,0.02,0.12,0.07,0.1,0.01,0,0.19,0.38,0.27,0.5,0.45,0.86,201,94
Sergio Rodriguez,0.03,0.08,0.05,0.33,0.02,0,0.22,0.43,0.34,0.46,0.48,0.72,190,79
Seth Curry,0,0.11,0.06,0.08,0.04,0,0.05,0.32,0.58,0.2,0.43,0.84,188,83
Shabazz Muhammad,0.08,0.11,0.09,0.05,0.01,0,0.08,0.47,0.32,0.51,0.5,0.73,198,101
Shabazz Napier,0.02,0.1,0.06,0.21,0.02,0,0.19,0.37,0.35,0.39,0.46,0.77,185,79
Shane Battier,0.04,0.11,0.08,0.09,0.02,0.02,0.11,0.42,0.37,0.48,0.53,0.74,203,99
Shane Edwards,0.09,0.1,0.09,0,0,0,0.25,0.33,,0.33,0.33,,201,99
Shane Larkin,0.02,0.09,0.05,0.23,0.03,0,0.19,0.42,0.33,0.45,0.46,0.73,180,79
Shannon Brown,0.03,0.08,0.05,0.09,0.02,0.01,0.15,0.39,0.28,0.41,0.43,0.75,193,92
Shaquille O'Neal*,0.1,0.24,0.17,0.09,0.01,0.04,0.18,0.6,0,0.6,0.6,0.53,216,147
Shareef Abdur-Rahim,0.14,0.09,0.12,0.11,0.01,0,0.06,0.21,,0.21,0.21,1,206,102
Shaun Livingston,0.02,0.1,0.06,0.2,0.02,0.01,0.18,0.48,0.13,0.48,0.48,0.85,201,87
Shavlik Randolph,0.17,0.2,0.19,0.07,0.01,0.02,0.14,0.38,0.25,0.39,0.38,0.59,208,108
Shawn Long,0.19,0.21,0.2,0.11,0.02,0.03,0.1,0.56,0.37,0.6,0.59,0.54,206,115
Shawn Marion,0.08,0.2,0.14,0.09,0.02,0.02,0.11,0.49,0.25,0.52,0.51,0.76,201,99
Shawne Williams,0.06,0.15,0.1,0.06,0.01,0.02,0.09,0.37,0.28,0.45,0.45,0.82,185,91
Shayne Whittington,0.12,0.19,0.15,0.1,0.02,0.02,0.19,0.45,0.08,0.53,0.46,0.64,211,113
Shelden Williams,0.11,0.22,0.16,0.05,0.02,0.02,0.14,0.46,0,0.47,0.46,0.73,185,91
Sheldon McClellan,0.02,0.12,0.07,0.07,0.01,0.01,0.05,0.4,0.23,0.51,0.45,0.85,196,90
Shelvin Mack,0.01,0.1,0.06,0.27,0.02,0,0.2,0.44,0.29,0.54,0.49,0.69,190,92
Sherron Collins,0,0.09,0.05,0.2,0.02,0,0.14,0.28,0.2,0.33,0.32,1,180,92
Sim Bhullar,0,0.37,0.19,0.79,0,0.26,0,0.5,,0.5,0.5,,226,163
Skal Labissiere,0.1,0.21,0.15,0.08,0.01,0.02,0.13,0.54,0.38,0.54,0.54,0.7,211,102
Smush Parker,0.01,0.1,0.05,0.22,0.02,0.01,0.17,0.34,0.23,0.42,0.39,0.7,193,86
Solomon Alabi,0.14,0.22,0.18,0.04,0.01,0.04,0.14,0.28,,0.28,0.28,0.44,216,113
Solomon Hill,0.04,0.13,0.09,0.09,0.02,0.01,0.16,0.41,0.33,0.49,0.49,0.84,201,102
Solomon Jones,0.11,0.13,0.12,0.04,0.01,0.03,0.25,0.35,0.13,0.36,0.35,0.7,208,104
Sonny Weems,0.02,0.11,0.06,0.11,0.01,0,0.19,0.4,0.23,0.43,0.43,0.57,198,92
Speedy Claxton,0,0,0,0.32,0,0,0,0.29,,0.29,0.29,0.5,180,75
Spencer Dinwiddie,0.02,0.1,0.06,0.25,0.02,0.01,0.13,0.37,0.22,0.42,0.4,0.76,198,90
Spencer Hawes,0.07,0.22,0.14,0.14,0.01,0.03,0.14,0.46,0.33,0.5,0.5,0.74,216,111
Stanley Johnson,0.03,0.15,0.09,0.11,0.02,0.01,0.15,0.36,0.3,0.4,0.42,0.73,203,99
Stephane Lasme,0.1,0.11,0.11,0.02,0.02,0.06,0.15,0.45,,0.45,0.45,0.59,203,97
Stephen Curry,0.02,0.11,0.07,0.32,0.03,0.01,0.15,0.48,0.44,0.51,0.57,0.89,190,86
Stephen Graham,0.03,0.14,0.09,0.08,0.01,0.01,0.13,0.48,0.34,0.51,0.51,0.75,198,97
Stephen Jackson,0.02,0.12,0.07,0.16,0.02,0.01,0.16,0.39,0.29,0.45,0.44,0.77,190,83
Stephen Zimmerman,0.11,0.25,0.18,0.05,0.01,0.04,0.08,0.32,,0.32,0.32,0.6,213,108
Stephon Marbury,0.01,0.07,0.04,0.25,0.01,0,0.19,0.38,0.31,0.4,0.42,0.59,188,81
Steve Blake,0.01,0.09,0.05,0.26,0.02,0,0.2,0.4,0.38,0.42,0.51,0.77,190,78
Steve Francis,0.05,0.08,0.07,0.23,0.02,0.02,0.17,0.33,0.24,0.38,0.37,0.57,190,88
Steve Nash,0.01,0.09,0.05,0.46,0.01,0,0.22,0.49,0.41,0.52,0.55,0.92,190,88
Steve Novak,0.01,0.13,0.07,0.03,0,0.01,0.04,0.43,0.44,0.43,0.59,0.77,208,102
Steven Adams,0.13,0.17,0.15,0.05,0.01,0.03,0.17,0.56,0,0.56,0.56,0.57,213,115
Steven Hill,1,0.59,0.86,0,0,0,0,1,,1,1,,213,112
Steven Hunter,0.11,0.17,0.14,0,0,0.04,0.15,0.47,,0.47,0.47,0.49,213,99
Stromile Swift,0.09,0.18,0.14,0.04,0.01,0.04,0.17,0.48,0.5,0.48,0.49,0.59,206,102
Sun Yue,0,0,0,0.1,0.02,0.03,0.21,0.27,0,0.6,0.27,,206,92
Sundiata Gaines,0.04,0.11,0.07,0.23,0.03,0,0.17,0.4,0.27,0.48,0.45,0.5,185,83
T.J. Ford,0.03,0.09,0.06,0.32,0.02,0.01,0.19,0.44,0.25,0.47,0.45,0.81,201,92
T.J. McConnell,0.02,0.13,0.08,0.37,0.03,0,0.22,0.47,0.27,0.5,0.49,0.72,208,108
T.J. Warren,0.07,0.1,0.08,0.07,0.02,0.01,0.08,0.51,0.3,0.54,0.53,0.74,208,108
Taj Gibson,0.1,0.17,0.14,0.06,0.01,0.04,0.12,0.5,0.22,0.5,0.5,0.69,206,102
Tarence Kinsey,0.04,0.11,0.08,0.04,0.02,0,0.14,0.44,0.41,0.45,0.48,0.85,198,83
Tarik Black,0.13,0.22,0.17,0.05,0.01,0.02,0.14,0.55,0.17,0.55,0.55,0.56,206,113
Taurean Green,0,0.16,0.08,0.21,0.01,0,0.22,0.29,0.21,0.36,0.33,0.89,183,80
Taurean Waller-Prince,0.03,0.15,0.09,0.08,0.02,0.02,0.16,0.4,0.32,0.44,0.46,0.79,183,88
Taylor Griffin,0,0.07,0.04,0.04,0,0.04,0.08,0.4,0,0.5,0.4,0.5,201,107
Tayshaun Prince,0.04,0.13,0.08,0.12,0.01,0.01,0.08,0.45,0.39,0.46,0.48,0.73,206,96
Terrel Harris,0.07,0.18,0.12,0.1,0.01,0.01,0.3,0.21,0.05,0.29,0.23,0.65,196,86
Terrence Jones,0.07,0.24,0.15,0.06,0.02,0.06,0.08,0.42,0.29,0.45,0.44,0.64,206,114
Terrence Ross,0.02,0.11,0.06,0.07,0.02,0.01,0.08,0.43,0.37,0.49,0.52,0.8,201,93
Terrence Williams,0.02,0.18,0.1,0.19,0.02,0,0.17,0.41,0.31,0.42,0.44,0.6,198,99
Terry Rozier,0.06,0.15,0.1,0.16,0.01,0.01,0.12,0.32,0.27,0.35,0.37,0.79,188,86
Thabo Sefolosha,0.04,0.15,0.1,0.1,0.03,0.02,0.14,0.44,0.33,0.5,0.5,0.77,201,99
Thaddeus Young,0.07,0.15,0.11,0.09,0.02,0.01,0.1,0.5,0.3,0.52,0.52,0.67,203,100
Thanasis Antetokounmpo,0,0.18,0.09,0,0,0,0,0.75,0,1,0.75,,201,92
Theo Ratliff,0.09,0.15,0.12,0.05,0.01,0.06,0.2,0.44,0,0.44,0.44,0.58,208,102
Thomas Gardner,0.04,0.06,0.05,0.04,0.01,0,0.11,0.32,0.21,0.47,0.38,0.25,196,102
Thomas Robinson,0.14,0.26,0.2,0.07,0.02,0.02,0.17,0.47,0,0.47,0.47,0.51,208,107
Thon Maker,0.08,0.15,0.12,0.06,0.01,0.04,0.08,0.46,0.38,0.51,0.54,0.65,216,97
Tiago Splitter,0.1,0.19,0.15,0.09,0.01,0.02,0.14,0.54,0.07,0.54,0.54,0.72,211,111
Tibor Pleiss,0.09,0.13,0.11,0.04,0.01,0.02,0.24,0.44,0,0.48,0.44,1,221,116
Tim Duncan,0.09,0.27,0.18,0.16,0.01,0.04,0.12,0.5,0.08,0.5,0.5,0.73,211,113
Tim Frazier,0.03,0.11,0.07,0.35,0.02,0,0.23,0.39,0.31,0.42,0.43,0.63,185,77
Tim Hardaway,0.01,0.09,0.05,0.11,0.01,0.01,0.08,0.43,0.35,0.5,0.51,0.82,183,79
Tim Ohlbrecht,0,0.09,0.05,0.12,0.04,0,0.54,0.33,,0.33,0.33,1,211,115
Tim Quarterman,0.06,0.14,0.1,0.21,0.01,0.03,0.27,0.45,0.39,0.5,0.53,0,198,88
Tim Thomas,0.04,0.15,0.09,0.09,0.01,0.01,0.12,0.42,0.38,0.45,0.5,0.75,208,104
Timofey Mozgov,0.11,0.19,0.15,0.04,0.01,0.04,0.16,0.52,0.16,0.53,0.52,0.73,216,124
Timothe Luwawu-Cabarrot,0.02,0.12,0.07,0.1,0.01,0.01,0.15,0.4,0.31,0.48,0.47,0.85,198,92
Tobias Harris,0.05,0.18,0.11,0.09,0.01,0.02,0.1,0.47,0.32,0.51,0.5,0.81,190,86
Tomas Satoransky,0.04,0.09,0.07,0.17,0.02,0.01,0.19,0.42,0.24,0.48,0.45,0.7,201,95
Toney Douglas,0.03,0.11,0.07,0.18,0.02,0.01,0.14,0.39,0.32,0.45,0.47,0.8,188,88
Tony Allen,0.06,0.12,0.09,0.1,0.03,0.02,0.15,0.48,0.24,0.49,0.49,0.69,193,96
Tony Battie,0.05,0.2,0.13,0.05,0.01,0.02,0.09,0.42,0.28,0.43,0.43,0.73,211,104
Tony Mitchell,0.15,0.08,0.12,0.13,0.05,0.02,0.08,0.51,0.5,0.56,0.53,0.58,201,92
Tony Parker,0.01,0.08,0.05,0.34,0.01,0,0.13,0.5,0.33,0.51,0.51,0.77,188,83
Tony Snell,0.02,0.11,0.07,0.07,0.01,0.01,0.11,0.41,0.36,0.47,0.51,0.82,201,90
Tony Wroten,0.03,0.1,0.07,0.26,0.02,0.01,0.21,0.39,0.23,0.44,0.42,0.64,198,92
Tornike Shengelia,0.05,0.12,0.08,0.13,0.02,0,0.26,0.46,0.17,0.53,0.47,0.44,206,98
Toure' Murry,0.04,0.03,0.03,0.1,0.02,0,0.26,0.33,0.42,0.33,0.34,0.86,196,88
Tracy McGrady,0.03,0.14,0.08,0.24,0.01,0.02,0.12,0.4,0.35,0.43,0.44,0.72,203,95
Travis Diener,0.01,0.08,0.04,0.23,0.03,0,0.04,0.28,0.21,0.34,0.35,0.49,185,79
Travis Leslie,0.16,0.08,0.12,0.17,0.02,0.04,0.1,0.36,,0.36,0.36,0.44,193,92
Travis Outlaw,0.05,0.14,0.09,0.07,0.01,0.02,0.09,0.4,0.35,0.42,0.45,0.77,206,95
Travis Wear,0.05,0.13,0.09,0.1,0.01,0.01,0.14,0.4,0.37,0.41,0.43,0.77,208,104
Trenton Hassell,0.04,0.1,0.07,0.08,0.01,0.01,0.14,0.42,0.18,0.43,0.43,0.7,196,90
Treveon Graham,0.03,0.1,0.06,0.05,0.02,0.01,0.06,0.48,0.6,0.4,0.59,0.67,198,99
Trevor Ariza,0.04,0.15,0.1,0.12,0.03,0.01,0.12,0.44,0.31,0.5,0.5,0.72,203,97
Trevor Booker,0.11,0.19,0.15,0.08,0.02,0.02,0.13,0.52,0.21,0.53,0.53,0.62,203,103
Trey Burke,0.02,0.08,0.05,0.24,0.01,0,0.12,0.4,0.36,0.43,0.47,0.81,185,86
Trey Gilder,0,0.23,0.12,0,0.1,0,0,1,,1,1,,206,83
Trey Johnson,0.02,0.08,0.05,0.1,0,0,0.12,0.39,0.33,0.39,0.39,0.96,196,98
Trey Lyles,0.05,0.19,0.12,0.08,0.01,0.01,0.12,0.4,0.35,0.43,0.47,0.71,208,106
Trey Thompkins,0.04,0.2,0.12,0.05,0.01,0.02,0.09,0.39,0.31,0.42,0.43,0.71,206,107
Tristan Thompson,0.14,0.21,0.17,0.04,0.01,0.02,0.12,0.52,0,0.52,0.52,0.6,206,107
Troy Daniels,0.02,0.08,0.05,0.09,0.01,0,0.1,0.4,0.4,0.42,0.55,0.8,193,92
Troy Hudson,0,0.08,0.04,0.13,0.02,0,0.17,0.29,0.33,0.26,0.36,1,185,77
Troy Murphy,0.06,0.23,0.14,0.08,0.02,0.01,0.12,0.42,0.3,0.48,0.48,0.75,211,111
Troy Williams,0.04,0.11,0.08,0.07,0.02,0.01,0.15,0.45,0.31,0.54,0.51,0.7,198,97
Ty Lawson,0.03,0.08,0.05,0.31,0.02,0,0.16,0.45,0.36,0.48,0.49,0.73,180,88
Tyler Ennis,0.02,0.08,0.05,0.26,0.02,0.01,0.21,0.41,0.34,0.44,0.46,0.77,190,87
Tyler Hansbrough,0.12,0.17,0.14,0.04,0.02,0.01,0.1,0.44,0.12,0.45,0.45,0.72,206,113
Tyler Honeycutt,0.07,0.2,0.13,0.1,0.01,0.02,0.18,0.3,0.17,0.33,0.31,0.8,203,85
Tyler Johnson,0.03,0.12,0.08,0.14,0.02,0.01,0.12,0.45,0.38,0.48,0.5,0.75,193,84
Tyler Ulis,0.02,0.08,0.05,0.31,0.02,0,0.14,0.42,0.27,0.46,0.45,0.78,178,68
Tyler Zeller,0.09,0.18,0.14,0.09,0.01,0.03,0.12,0.5,0,0.5,0.5,0.74,213,114
Tyreke Evans,0.03,0.15,0.09,0.26,0.02,0.01,0.14,0.43,0.31,0.46,0.47,0.76,198,99
Tyronn Lue,0.01,0.08,0.05,0.17,0.01,0,0.1,0.44,0.45,0.44,0.52,0.67,183,79
Tyrus Thomas,0.07,0.18,0.12,0.09,0.02,0.04,0.12,0.49,0.15,0.5,0.5,0.77,206,97
Tyshawn Taylor,0.01,0.07,0.04,0.19,0.03,0,0.22,0.35,0.36,0.35,0.38,0.68,190,83
Tyson Chandler,0.13,0.25,0.19,0.04,0.01,0.03,0.17,0.62,0,0.63,0.62,0.67,216,108
Tyus Jones,0.01,0.08,0.05,0.28,0.03,0.01,0.16,0.39,0.33,0.42,0.45,0.74,188,88
Udonis Haslem,0.08,0.24,0.16,0.05,0.01,0.01,0.12,0.47,0.1,0.49,0.48,0.73,203,106
Vander Blue,0.01,0.17,0.09,0.14,0.01,0,0.2,0.4,0.1,0.51,0.42,0.3,193,90
Vernon Macklin,0.12,0.18,0.15,0.06,0.02,0.02,0.07,0.54,,0.54,0.54,0.57,208,102
Viacheslav Kravtsov,0.15,0.13,0.14,0.05,0.01,0.02,0.21,0.63,,0.63,0.63,0.4,213,117
Victor Claver,0.05,0.18,0.11,0.06,0.01,0.01,0.18,0.42,0.33,0.47,0.5,0.69,206,101
Victor Oladipo,0.02,0.13,0.07,0.18,0.02,0.01,0.14,0.43,0.34,0.47,0.48,0.8,193,95
Viktor Khryapa,0.06,0.16,0.11,0.12,0.03,0,0.14,0.39,0,0.4,0.39,0.57,206,95
Vince Carter,0.03,0.13,0.08,0.15,0.02,0.01,0.1,0.42,0.36,0.45,0.49,0.8,198,99
Vitor Faverani,0.1,0.21,0.15,0.05,0.02,0.04,0.2,0.44,0.3,0.49,0.48,0.65,211,117
Vladimir Radmanovic,0.06,0.15,0.1,0.09,0.02,0.01,0.14,0.39,0.34,0.44,0.49,0.75,208,102
Von Wafer,0.01,0.11,0.06,0.08,0.01,0.01,0.13,0.36,0.25,0.43,0.41,0.7,196,95
Wade Baldwin,0.03,0.1,0.07,0.23,0.02,0.02,0.23,0.31,0.14,0.36,0.33,0.84,193,91
Walker Russell,0.02,0.07,0.04,0.26,0.03,0,0.24,0.35,0.31,0.35,0.37,0.64,196,88
Wally Szczerbiak,0.03,0.13,0.08,0.1,0.01,0.01,0.09,0.43,0.4,0.44,0.49,0.86,198,95
Walter Herrmann,0.06,0.16,0.11,0.07,0.01,0,0.07,0.39,0.32,0.45,0.47,0.83,206,102
Walter Sharpe,0,0.18,0.09,0,0,0.08,0,0.36,0,0.44,0.36,0,206,111
Walter Tavares,0.11,0.21,0.16,0.06,0.01,0.07,0.18,0.58,,0.58,0.58,0.38,221,117
Wayne Ellington,0.02,0.1,0.06,0.09,0.01,0,0.09,0.42,0.38,0.44,0.5,0.86,193,90
Wayne Selden,0,0.08,0.04,0.07,0.02,0,0.17,0.49,0.32,0.73,0.6,0.6,196,104
Wesley Johnson,0.03,0.14,0.08,0.07,0.02,0.02,0.11,0.4,0.33,0.47,0.48,0.72,201,97
Wesley Matthews,0.02,0.09,0.06,0.1,0.02,0,0.1,0.43,0.38,0.48,0.53,0.82,185,77
Will Barton,0.03,0.15,0.09,0.14,0.02,0.01,0.13,0.42,0.28,0.46,0.45,0.77,198,79
Will Bynum,0.02,0.08,0.05,0.32,0.02,0,0.17,0.42,0.23,0.46,0.44,0.76,183,83
Will Cherry,0.02,0.07,0.04,0.16,0.05,0.01,0.16,0.26,0.22,0.3,0.32,0.5,183,83
Will Conroy,0.03,0.05,0.04,0.14,0,0,0.13,0.15,0,0.21,0.15,0.25,188,88
Will Solomon,0.02,0.09,0.06,0.25,0.02,0,0.15,0.42,0.35,0.46,0.49,0.69,185,83
Willie Cauley-Stein,0.09,0.19,0.14,0.07,0.02,0.03,0.11,0.55,0,0.55,0.55,0.66,213,108
Willie Green,0.02,0.08,0.05,0.11,0.01,0.01,0.1,0.43,0.36,0.46,0.49,0.79,193,90
Willie Reed,0.13,0.21,0.17,0.04,0.01,0.05,0.09,0.57,0.25,0.57,0.57,0.55,206,106
Willie Warren,0.01,0.1,0.05,0.3,0.02,0,0.17,0.37,0.33,0.4,0.44,0.75,193,92
Willy Hernangomez,0.14,0.27,0.2,0.12,0.02,0.02,0.16,0.53,0.27,0.54,0.53,0.73,211,108
Wilson Chandler,0.04,0.16,0.1,0.09,0.01,0.02,0.11,0.44,0.33,0.48,0.49,0.77,203,102
Xavier Henry,0.03,0.09,0.06,0.06,0.02,0.01,0.11,0.37,0.31,0.38,0.39,0.62,198,99
Xavier Munford,0.01,0.14,0.07,0.14,0.03,0.01,0.15,0.42,0.39,0.43,0.47,0.5,196,90
Xavier Silas,0.06,0.06,0.06,0.11,0,0,0.16,0.27,0.17,0.33,0.3,0.67,196,92
Yakhouba Diawara,0.04,0.08,0.06,0.08,0.01,0,0.13,0.32,0.27,0.4,0.4,0.62,201,102
Yao Ming*,0.09,0.24,0.17,0.1,0,0.05,0.15,0.51,0.5,0.51,0.51,0.88,229,140
Yi Jianlian,0.07,0.19,0.13,0.05,0.01,0.02,0.12,0.4,0.31,0.41,0.42,0.75,213,108
Yogi Ferrell,0.02,0.08,0.05,0.21,0.01,0.01,0.16,0.4,0.36,0.43,0.48,0.78,183,81
Zabian Dowdell,0.02,0.06,0.04,0.28,0.04,0.01,0.18,0.41,0.3,0.42,0.42,0.94,190,86
Zach LaVine,0.01,0.1,0.06,0.18,0.01,0.01,0.14,0.44,0.37,0.48,0.51,0.82,196,85
Zach Randolph,0.11,0.25,0.18,0.11,0.01,0.01,0.11,0.47,0.25,0.48,0.48,0.75,206,117
Zaza Pachulia,0.12,0.21,0.17,0.1,0.02,0.01,0.18,0.47,0,0.48,0.47,0.75,211,122
Zoran Dragic,0.1,0.06,0.08,0.11,0.01,0,0.1,0.34,0.18,0.54,0.38,0.59,196,90
Zydrunas Ilgauskas,0.12,0.2,0.16,0.06,0.01,0.04,0.12,0.47,0.22,0.48,0.48,0.78,221,107
Zion Williamson,0.04,0.19,0.12,0.37,0.02,0.02,0.13,0.52,0.35,0.57,0.56,0.74,203,113
Ja Morant,0.02,0.07,0.05,0.24,0.02,0,0.14,0.45,0.41,0.47,0.47,0.74,183,74
RJ Barrett,0.03,0.13,0.08,0.11,0.01,0.01,0.13,0.47,0.33,0.49,0.49,0.78,203,102
De'Andre Hunter,0.05,0.16,0.1,0.06,0.03,0.01,0.12,0.4,0.36,0.51,0.52,0.81,206,97
Darius Garland,0.01,0.09,0.05,0.32,0.02,0.01,0.16,0.44,0.34,0.47,0.48,0.84,188,84
Jarrett Culver,0.02,0.16,0.09,0.16,0.02,0.01,0.14,0.44,0.37,0.49,0.52,0.82,201,106
Coby White,0.03,0.11,0.07,0.14,0.01,0.01,0.13,0.4,0.33,0.47,0.48,0.88,193,93
Jaxson Hayes,0.11,0.25,0.18,0.01,0.01,0.07,0.13,0.56,0.36,0.56,0.56,0.55,213,120
Rui Hachimura,0.09,0.2,0.15,0.13,0.02,0.03,0.12,0.49,0.24,0.51,0.51,0.74,203,111
Cam Reddish,0.02,0.1,0.06,0.19,0.01,0,0.11,0.44,0.38,0.48,0.51,0.82,201,90
Cameron Johnson,0.02,0.12,0.06,0.03,0.01,0.01,0.05,0.18,0.15,0.49,0.23,0.86,201,104
P. J. Washington,0.07,0.19,0.13,0.15,0.01,0.02,0.12,0.5,0.27,0.5,0.5,0.81,206,113
Tyler Herro,0.02,0.09,0.06,0.11,0.01,0.01,0.1,0.45,0.42,0.48,0.54,0.85,201,97
Romeo Langford,0.03,0.08,0.05,0.22,0.01,0,0.12,0.44,0.36,0.46,0.47,0.84,198,83
Sekou Doumbouya,0.05,0.2,0.12,0.18,0.02,0.03,0.16,0.48,0.26,0.51,0.51,0.73,211,100
Chuma Okeke,0.1,0.23,0.16,0.03,0.01,0.02,0.14,0.43,0.32,0.45,0.45,0.69,208,108
Nickeil Alexander-Walker,0.05,0.11,0.08,0.18,0.02,0.01,0.14,0.41,0.37,0.46,0.51,0.77,185,83
Goga Bitadze,0.11,0.26,0.18,0.12,0.01,0.02,0.11,0.5,0.25,0.5,0.5,0.69,213,117
Luka amani?,0.06,0.21,0.13,0.14,0.01,0.01,0.15,0.41,0.31,0.47,0.47,0.78,208,101
Matisse Thybulle,0.07,0.14,0.11,0.05,0.02,0.02,0.14,0.48,0.24,0.6,0.52,0.55,196,83
Brandon Clarke,0.07,0.18,0.12,0.08,0.02,0.03,0.12,0.5,0.21,0.5,0.5,0.59,206,106
Grant Williams,0.05,0.21,0.14,0.18,0.02,0.03,0.17,0.42,0.32,0.47,0.47,0.71,201,104
Darius Bazley,0.05,0.16,0.1,0.06,0.03,0.01,0.12,0.4,0.36,0.51,0.52,0.81,206,97
Ty Jerome,0.04,0.12,0.08,0.13,0.01,0.01,0.12,0.42,0.36,0.44,0.46,0.76,198,97
Nassir Little,0.03,0.14,0.08,0.06,0.01,0.05,0.12,0.41,0.26,0.46,0.46,0.6,203,95
Dylan Windler,0.01,0.1,0.06,0.12,0,0.01,0.15,0.36,0.42,0.14,0.53,1,201,97
Mfiondu Kabengele,0.09,0.19,0.14,0.04,0.01,0.06,0.11,0.51,0.34,0.53,0.54,0.77,208,106
Jordan Poole,0.05,0.11,0.08,0.14,0.02,0.01,0.1,0.44,0.32,0.47,0.47,0.81,201,99
Keldon Johnson,0.03,0.09,0.06,0.06,0.02,0.01,0.11,0.37,0.31,0.38,0.39,0.62,198,99
Kevin Porter Jr.,0.02,0.13,0.07,0.18,0.02,0.01,0.14,0.43,0.34,0.47,0.48,0.8,193,95
Nicolas Claxton,0.09,0.21,0.15,0.07,0.01,0.02,0.12,0.49,0.1,0.5,0.5,0.67,185,83
KZ Okpala,0.03,0.13,0.08,0.11,0.01,0.01,0.13,0.4,0.29,0.44,0.44,0.62,206,86
Carsen Edwards,0.02,0.08,0.05,0.29,0.02,0,0.13,0.44,0.37,0.48,0.51,0.87,185,81
Bruno Fernando,0.12,0.25,0.18,0.05,0.01,0.04,0.13,0.53,0.36,0.54,0.53,0.56,208,114
Daniel Gafford,0.11,0.2,0.15,0.03,0.01,0.06,0.13,0.54,0.2,0.54,0.54,0.59,213,122
Alen Smailagi?,0.12,0.26,0.19,0.23,0.02,0.02,0.14,0.55,0.33,0.58,0.57,0.82,208,113
Eric Paschall,0.09,0.19,0.14,0.05,0.03,0.01,0.25,0.43,0.36,0.43,0.43,0.29,201,118
Admiral Schofield,0.05,0.17,0.11,0.08,0.02,0.02,0.12,0.42,0.29,0.53,0.49,0.79,198,103
Jaylen Nowell,0.02,0.1,0.06,0.12,0.02,0.01,0.11,0.41,0.35,0.45,0.48,0.76,193,93
Bol Bol,0.06,0.19,0.13,0.08,0.01,0.05,0.1,0.44,0.35,0.47,0.49,0.81,221,108
