,Players,ORB%,DRB%,TRB%,AST%,STL%,BLK%,TOV%,FG%,3P%,2P%,eFG%,FT%,Height,Weight,K-means Position,
0,A.J. Hammons,0.05,0.21,0.13,0.04,0,0.07,0.16,0.41,0.5,0.38,0.46,0.45,198,99,2,
1,A.J. Price,0.02,0.09,0.06,0.23,0.01,0,0.11,0.36,0.24,0.44,0.41,0.63,213,124,0,
2,Aaron Brooks,0.02,0.06,0.04,0.24,0.01,0.01,0.15,0.4,0.35,0.44,0.48,0.84,183,73,1,
3,Aaron Gordon,0.07,0.18,0.12,0.09,0.01,0.02,0.1,0.46,0.29,0.52,0.5,0.7,206,99,2,
4,Aaron Gray,0.14,0.23,0.19,0.1,0.01,0.02,0.23,0.51,0,0.51,0.51,0.56,213,122,3,
5,Aaron Harrison,0.02,0.16,0.09,0.13,0.02,0,0.07,0.13,0.15,0.11,0.17,0.46,198,95,7,
7,Acie Law,0.02,0.07,0.04,0.18,0.02,0,0.17,0.41,0.21,0.46,0.44,0.76,190,88,1,
8,Adam Morrison,0.04,0.12,0.08,0.1,0.01,0,0.13,0.36,0.29,0.39,0.41,0.66,203,92,0,
10,Adonis Thomas,0,0.08,0.04,0.14,0,0,0.08,0.45,0.23,0.57,0.5,1,201,90,5,
11,Adreian Payne,0.07,0.19,0.13,0.06,0.02,0.02,0.12,0.38,0.14,0.42,0.39,0.64,208,107,2,
13,Al Harrington,0.05,0.17,0.11,0.09,0.02,0,0.11,0.41,0.35,0.46,0.49,0.73,206,104,5,
14,Al Horford,0.08,0.21,0.15,0.15,0.01,0.03,0.12,0.53,0.34,0.54,0.54,0.75,208,111,2,
15,Al Jefferson,0.08,0.25,0.16,0.11,0.01,0.03,0.07,0.5,0.12,0.5,0.5,0.72,208,131,3,
16,Al Thornton,0.05,0.12,0.09,0.07,0.01,0.01,0.12,0.47,0.25,0.48,0.48,0.75,203,99,5,
17,Alan Anderson,0.02,0.1,0.06,0.08,0.01,0,0.09,0.39,0.34,0.44,0.48,0.8,198,99,5,
18,Alan Williams,0.18,0.35,0.26,0.08,0.02,0.05,0.14,0.47,0,0.47,0.47,0.63,198,90,3,
19,Alando Tucker,0.08,0.06,0.07,0.05,0,0,0.08,0.42,0.22,0.46,0.44,0.79,203,86,5,
20,Alec Burks,0.04,0.12,0.08,0.13,0.01,0.01,0.12,0.42,0.36,0.44,0.46,0.76,198,97,5,
21,Alex Abrines,0.02,0.07,0.05,0.06,0.02,0.01,0.08,0.39,0.38,0.43,0.53,0.9,198,86,5,
22,Alex Acker,0.03,0.1,0.07,0.1,0.03,0.02,0.06,0.39,0.26,0.46,0.42,0.5,196,83,4,
24,Alex Len,0.11,0.23,0.17,0.04,0.01,0.04,0.17,0.46,0.24,0.47,0.46,0.7,216,117,3,
25,Alex Poythress,0.08,0.13,0.1,0.05,0.01,0.01,0.05,0.46,0.32,0.54,0.52,0.8,201,107,5,
28,Alexey Shved,0.03,0.1,0.06,0.22,0.02,0.01,0.13,0.37,0.32,0.41,0.44,0.79,198,86,1,
29,Alexis Ajinca,0.08,0.21,0.14,0.05,0.02,0.04,0.13,0.47,0.16,0.48,0.48,0.67,218,112,3,
30,Al-Farouq Aminu,0.07,0.2,0.13,0.08,0.02,0.02,0.15,0.43,0.29,0.46,0.47,0.73,206,99,2,
31,Allen Crabbe,0.01,0.1,0.05,0.08,0.01,0.01,0.08,0.43,0.4,0.45,0.52,0.8,198,95,5,
32,Allen Iverson*,0.02,0.07,0.05,0.24,0.02,0,0.14,0.45,0.41,0.47,0.47,0.74,183,74,1,
33,Alonzo Gee,0.06,0.11,0.09,0.06,0.02,0.01,0.18,0.42,0.31,0.45,0.45,0.69,198,102,4,
35,Amar'e Stoudemire,0.09,0.19,0.14,0.07,0.01,0.03,0.12,0.55,0.18,0.55,0.55,0.76,208,111,3,
36,Amir Johnson,0.11,0.19,0.15,0.08,0.01,0.04,0.16,0.58,0.27,0.59,0.59,0.67,206,108,3,
37,Anderson Varejao,0.11,0.23,0.17,0.1,0.02,0.02,0.14,0.48,0.02,0.49,0.48,0.67,208,123,3,
38,Andray Blatche,0.09,0.19,0.14,0.11,0.02,0.03,0.14,0.46,0.24,0.47,0.47,0.72,211,106,2,
39,Andre Barrett,0,0.05,0.02,0.44,0,0,0.15,0.4,0.33,0.5,0.5,0.5,178,78,1,
42,Andre Drummond,0.16,0.31,0.23,0.04,0.02,0.04,0.11,0.56,0.22,0.56,0.56,0.38,211,126,3,
43,Andre Emmett,0.05,0.11,0.08,0.04,0.02,0.02,0.16,0.57,0,0.67,0.57,0.63,196,104,4,
44,Andre Iguodala,0.03,0.14,0.08,0.2,0.02,0.01,0.14,0.47,0.34,0.53,0.52,0.66,198,97,4,
45,Andre Miller,0.04,0.1,0.07,0.31,0.02,0,0.2,0.49,0.28,0.51,0.5,0.78,206,102,1,
46,Andre Owens,0.04,0.1,0.07,0.18,0.02,0.01,0.16,0.37,0.45,0.33,0.46,0.74,193,90,1,
47,Andre Roberson,0.07,0.14,0.11,0.05,0.02,0.02,0.14,0.48,0.24,0.6,0.52,0.55,196,83,4,
48,Andrea Bargnani,0.04,0.15,0.09,0.08,0.01,0.02,0.1,0.44,0.32,0.47,0.48,0.83,213,111,2,
49,Andrei Kirilenko,0.06,0.14,0.1,0.13,0.02,0.03,0.15,0.42,0.3,0.45,0.44,0.73,206,99,2,
50,Andres Nocioni,0.03,0.19,0.11,0.07,0.01,0.01,0.13,0.4,0.36,0.43,0.47,0.75,201,102,5,
51,Andrew Bogut,0.09,0.25,0.17,0.11,0.01,0.04,0.2,0.52,0.25,0.53,0.52,0.48,213,117,3,
52,Andrew Bynum,0.12,0.24,0.19,0.09,0.01,0.04,0.13,0.52,0.1,0.52,0.52,0.72,213,129,3,
53,Andrew Goudelock,0.08,0.03,0.05,0.07,0.02,0.01,0.12,0.28,0.24,0.38,0.32,0.83,190,90,0,
54,Andrew Harrison,0.02,0.09,0.05,0.2,0.02,0.01,0.16,0.33,0.28,0.36,0.39,0.76,198,96,6,
55,Andrew Nicholson,0.05,0.17,0.11,0.05,0.01,0.02,0.12,0.43,0.26,0.48,0.46,0.75,206,113,2,
56,Andrew Wiggins,0.04,0.09,0.07,0.1,0.01,0.01,0.11,0.45,0.32,0.47,0.47,0.76,203,90,5,
57,Andris Biedrins,0.09,0.27,0.18,0.05,0.01,0.04,0.21,0.63,0,0.63,0.63,0.32,211,108,3,
58,Andy Rautins,0,0.05,0.02,0.19,0.02,0,0.47,0.43,0.25,0.67,0.5,0.5,193,86,6,
59,Anfernee Hardaway,0.01,0.12,0.07,0.17,0.03,0,0.17,0.37,0.42,0.34,0.43,0.89,201,88,6,
60,Antawn Jamison,0.06,0.2,0.13,0.07,0.02,0.01,0.07,0.43,0.33,0.48,0.48,0.69,203,101,2,
61,Anthony Bennett,0.08,0.21,0.15,0.05,0.02,0.01,0.12,0.37,0.26,0.44,0.41,0.73,203,111,2,
62,Anthony Brown,0.06,0.2,0.13,0.1,0.01,0,0.1,0.36,0.28,0.45,0.43,0.85,206,111,2,
63,Anthony Carter,0.02,0.11,0.07,0.25,0.03,0.01,0.25,0.41,0.3,0.46,0.46,0.88,185,86,6,
64,Anthony Davis,0.08,0.25,0.17,0.09,0.02,0.06,0.08,0.51,0.19,0.52,0.52,0.78,206,97,3,
65,Anthony Johnson,0.02,0.09,0.06,0.24,0.02,0,0.19,0.43,0.42,0.44,0.5,0.83,196,97,1,
66,Anthony Morrow,0.03,0.06,0.04,0.06,0.01,0,0.06,0.44,0.38,0.47,0.52,0.9,196,95,5,
67,Anthony Parker,0.02,0.11,0.07,0.14,0.02,0,0.12,0.43,0.4,0.46,0.52,0.77,198,97,5,
68,Anthony Randolph,0.09,0.22,0.15,0.08,0.02,0.04,0.15,0.44,0.14,0.45,0.45,0.7,208,92,2,
69,Anthony Roberson,0.05,0.12,0.08,0.1,0.01,0,0.06,0.35,0.29,0.45,0.44,1,196,83,5,
70,Anthony Tolliver,0.04,0.17,0.1,0.06,0.01,0.01,0.1,0.37,0.32,0.47,0.47,0.74,203,108,5,
71,Antoine Walker,0.07,0.15,0.11,0.08,0.02,0.01,0.1,0.36,0.32,0.4,0.44,0.53,193,86,0,
72,Antoine Wright,0.04,0.09,0.07,0.08,0.01,0.01,0.13,0.38,0.29,0.44,0.42,0.68,201,95,0,
74,Antonio Daniels,0.01,0.1,0.05,0.22,0.01,0,0.17,0.42,0.28,0.49,0.45,0.83,193,88,1,
75,Antonio McDyess,0.11,0.24,0.17,0.08,0.01,0.02,0.12,0.49,0,0.49,0.49,0.66,206,99,3,
76,Archie Goodwin,0.04,0.09,0.06,0.13,0.01,0.02,0.14,0.46,0.3,0.5,0.5,0.76,196,90,5,
78,Armon Johnson,0.02,0.14,0.08,0.15,0.04,0,0.24,0.59,0.36,0.6,0.61,0.86,196,107,4,
80,Aron Baynes,0.11,0.2,0.16,0.06,0.01,0.02,0.16,0.5,0.08,0.51,0.5,0.79,208,117,3,
81,Arron Afflalo,0.02,0.1,0.06,0.1,0.01,0,0.1,0.44,0.37,0.48,0.51,0.83,196,95,5,
82,Austin Croshere,0.13,0.26,0.19,0.14,0.01,0.01,0.13,0.36,0.29,0.41,0.41,0.53,206,106,2,
83,Austin Daye,0.04,0.18,0.11,0.09,0.01,0.02,0.11,0.38,0.33,0.43,0.45,0.74,211,99,2,
84,Austin Rivers,0.02,0.08,0.05,0.15,0.01,0.01,0.12,0.41,0.33,0.45,0.46,0.65,193,90,5,
85,Avery Bradley,0.03,0.09,0.06,0.1,0.02,0.01,0.12,0.43,0.32,0.46,0.48,0.74,188,81,1,
86,Awvee Storey,0.14,0.11,0.12,0.1,0.01,0,0.09,0.44,0,0.48,0.44,0.48,198,100,4,
87,Axel Toupane,0.01,0.03,0.02,0.02,0.01,0.01,0.02,0.38,0.23,0.67,0.44,0.77,201,89,5,
88,Baron Davis,0.02,0.09,0.06,0.39,0.03,0.01,0.17,0.4,0.32,0.45,0.46,0.76,190,94,6,
90,Ben Gordon,0.02,0.09,0.05,0.15,0.01,0,0.14,0.42,0.37,0.44,0.48,0.85,190,90,1,
91,Ben Hansbrough,0.01,0.09,0.05,0.16,0.02,0.01,0.24,0.33,0.26,0.41,0.4,0.78,190,92,6,
92,Ben McLemore,0.02,0.09,0.06,0.07,0.01,0.01,0.13,0.42,0.36,0.47,0.49,0.77,196,88,5,
93,Ben Uzoh,0.09,0.14,0.12,0.27,0.03,0.01,0.11,0.38,0.13,0.38,0.38,0.58,190,92,6,
94,Ben Wallace,0.12,0.21,0.16,0.07,0.02,0.04,0.17,0.44,0.15,0.44,0.44,0.4,206,108,3,
95,Beno Udrih,0.02,0.09,0.05,0.28,0.01,0,0.17,0.46,0.39,0.48,0.5,0.85,190,92,1,
96,Bernard James,0.12,0.18,0.15,0.03,0.01,0.06,0.18,0.48,0,0.49,0.48,0.68,208,108,3,
97,Billy Thomas,0,0.04,0.02,0,0.01,0,0.19,0.17,0.19,0,0.26,1,193,94,7,
98,Bismack Biyombo,0.11,0.25,0.18,0.03,0.01,0.06,0.17,0.52,0,0.52,0.52,0.54,206,115,3,
99,Blake Ahearn,0,0.09,0.04,0.13,0.02,0,0.19,0.29,0.34,0.21,0.4,0.98,188,86,6,
100,Blake Griffin,0.08,0.22,0.15,0.22,0.01,0.01,0.11,0.52,0.28,0.52,0.52,0.68,208,113,2,
103,Bobby Brown,0.02,0.06,0.04,0.24,0.01,0,0.14,0.38,0.32,0.42,0.45,0.86,193,92,1,
104,Bobby Jackson,0.03,0.13,0.08,0.16,0.02,0,0.1,0.4,0.34,0.45,0.48,0.8,185,83,1,
105,Bobby Jones,0.04,0.13,0.09,0.07,0.03,0,0.16,0.42,0.27,0.5,0.46,0.78,206,95,4,
106,Bobby Portis,0.1,0.22,0.16,0.07,0.01,0.01,0.09,0.46,0.32,0.49,0.49,0.69,211,104,2,
107,Bobby Simmons,0.04,0.11,0.07,0.09,0.01,0,0.09,0.31,0.29,0.4,0.39,0.74,201,95,0,
108,Bojan Bogdanovic,0.02,0.12,0.07,0.07,0.01,0,0.12,0.45,0.37,0.51,0.53,0.87,198,92,5,
109,Bonzi Wells,0.06,0.17,0.12,0.09,0.03,0.02,0.13,0.45,0.26,0.47,0.46,0.65,196,95,4,
110,Boris Diaw,0.05,0.14,0.1,0.19,0.01,0.01,0.19,0.5,0.36,0.54,0.54,0.7,203,113,4,
111,Bostjan Nachbar,0.04,0.14,0.09,0.09,0.01,0.01,0.11,0.4,0.36,0.44,0.48,0.79,206,100,5,
112,Brad Miller,0.07,0.2,0.13,0.18,0.01,0.01,0.17,0.44,0.36,0.44,0.49,0.83,211,110,2,
113,Bradley Beal,0.03,0.1,0.06,0.15,0.02,0.01,0.11,0.44,0.4,0.46,0.51,0.79,196,93,5,
114,Brandan Wright,0.09,0.16,0.12,0.05,0.01,0.05,0.09,0.59,0,0.6,0.59,0.66,211,102,3,
116,Brandon Bass,0.08,0.16,0.12,0.06,0.01,0.02,0.11,0.51,0.12,0.51,0.51,0.84,203,113,2,
117,Brandon Davies,0.08,0.14,0.11,0.1,0.02,0.02,0.17,0.39,0.23,0.43,0.42,0.67,208,108,2,
118,Brandon Ingram,0.03,0.13,0.08,0.11,0.01,0.01,0.13,0.4,0.29,0.44,0.44,0.62,206,86,5,
119,Brandon Jennings,0.02,0.1,0.06,0.31,0.02,0,0.14,0.37,0.33,0.41,0.44,0.77,185,77,1,
120,Brandon Knight,0.02,0.1,0.06,0.24,0.02,0,0.15,0.41,0.36,0.44,0.47,0.82,178,78,1,
121,Brandon Roy,0.03,0.11,0.07,0.24,0.01,0,0.1,0.42,0.28,0.47,0.45,0.78,198,97,5,
122,Brandon Rush,0.02,0.12,0.07,0.07,0.01,0.02,0.14,0.42,0.32,0.46,0.5,0.66,198,99,5,
123,Brendan Haywood,0.12,0.2,0.16,0.04,0.01,0.05,0.15,0.52,0,0.52,0.52,0.54,213,121,3,
124,Brent Barry,0.03,0.1,0.06,0.15,0.02,0,0.15,0.44,0.4,0.56,0.59,0.95,198,83,5,
125,Brevin Knight,0.01,0.09,0.05,0.3,0.03,0,0.2,0.38,0,0.39,0.38,0.81,178,78,6,
126,Brian Cardinal,0.04,0.12,0.08,0.1,0.02,0.01,0.15,0.36,0.33,0.4,0.47,0.85,203,111,5,
127,Brian Cook,0.05,0.18,0.11,0.06,0.01,0.02,0.13,0.34,0.32,0.36,0.41,0.85,206,106,0,
128,Brian Roberts,0.01,0.08,0.05,0.21,0.01,0,0.12,0.42,0.36,0.45,0.48,0.89,185,78,1,
129,Brian Scalabrine,0.04,0.11,0.07,0.11,0.01,0.02,0.18,0.41,0.24,0.48,0.47,0.7,206,109,5,
130,Brian Skinner,0.05,0.11,0.09,0.02,0.01,0.03,0.13,0.33,0.33,0.33,0.33,0.64,206,115,0,
131,Briante Weber,0.03,0.15,0.09,0.25,0.02,0.01,0.12,0.49,0.05,0.54,0.49,0.71,188,74,1,
133,Brook Lopez,0.09,0.15,0.12,0.09,0.01,0.04,0.1,0.51,0.07,0.52,0.52,0.78,213,124,3,
134,Bruce Bowen,0.01,0.1,0.06,0.05,0.01,0.01,0.1,0.41,0.42,0.41,0.52,0.6,201,83,5,
136,Bryce Cotton,0.01,0.03,0.02,0.1,0.02,0,0.21,0.52,0.12,0.61,0.53,0.83,185,74,1,
137,Bryce Dejean-Jones,0.03,0.17,0.1,0.08,0.02,0.01,0.12,0.41,0.38,0.43,0.49,0.52,198,94,4,
138,Bryn Forbes,0.01,0.08,0.05,0.12,0,0,0.1,0.36,0.32,0.41,0.45,0.83,190,86,5,
139,Buddy Hield,0.02,0.14,0.08,0.1,0.01,0,0.12,0.43,0.4,0.47,0.53,0.85,193,97,5,
140,Byron Mullens,0.07,0.19,0.13,0.05,0.02,0.02,0.14,0.4,0.33,0.45,0.45,0.56,213,124,2,
141,C.J. McCollum,0.02,0.09,0.05,0.15,0.02,0.01,0.12,0.45,0.4,0.47,0.52,0.78,190,86,1,
142,C.J. Miles,0.02,0.11,0.07,0.09,0.02,0.01,0.09,0.42,0.36,0.47,0.51,0.81,185,79,1,
143,C.J. Watson,0.02,0.08,0.05,0.19,0.02,0,0.14,0.41,0.36,0.44,0.47,0.81,211,117,5,
144,C.J. Wilcox,0.02,0.07,0.05,0.12,0.02,0.01,0.13,0.36,0.32,0.39,0.43,0.92,203,90,5,
146,Cameron Bairstow,0.07,0.14,0.11,0.05,0.01,0.02,0.12,0.27,0.2,0.28,0.28,0.84,206,113,0,
147,Cameron Payne,0.01,0.11,0.06,0.19,0.02,0.01,0.13,0.35,0.32,0.38,0.42,0.67,190,83,1,
148,Caris LeVert,0.02,0.14,0.08,0.14,0.02,0.01,0.12,0.45,0.32,0.57,0.53,0.72,201,92,4,
149,Carl Landry,0.1,0.15,0.12,0.05,0.01,0.01,0.11,0.53,0.18,0.54,0.54,0.78,206,112,2,
150,Carldell Johnson,0.01,0.08,0.05,0.29,0.04,0,0.16,0.31,0.27,0.35,0.37,0.33,178,81,6,
151,Carlos Arroyo,0.02,0.08,0.05,0.2,0.01,0,0.18,0.43,0.42,0.43,0.47,0.85,188,91,1,
152,Carlos Boozer,0.08,0.27,0.18,0.13,0.02,0.01,0.12,0.51,0,0.51,0.51,0.71,206,117,3,
153,Carlos Delfino,0.02,0.15,0.09,0.12,0.02,0.01,0.11,0.4,0.37,0.44,0.5,0.8,198,104,5,
154,Carmelo Anthony,0.05,0.17,0.11,0.17,0.01,0.01,0.1,0.45,0.36,0.47,0.49,0.82,203,108,2,
155,Caron Butler,0.03,0.14,0.08,0.1,0.02,0.01,0.1,0.42,0.34,0.45,0.48,0.84,201,103,5,
156,Carrick Felix,0.03,0.15,0.09,0.18,0,0,0.2,0.5,0.4,0.56,0.57,0.75,198,91,5,
157,Cartier Martin,0.04,0.12,0.08,0.06,0.01,0.01,0.1,0.4,0.37,0.44,0.5,0.72,201,99,5,
158,Casey Jacobsen,0.02,0.11,0.07,0.05,0.01,0,0.12,0.34,0.22,0.54,0.41,0.77,198,97,5,
159,Casper Ware,0,0.09,0.04,0.14,0.03,0,0.1,0.43,0.33,0.52,0.51,0.83,178,79,1,
160,Cedric Jackson,0.03,0.1,0.07,0.27,0.02,0.02,0.27,0.24,0.13,0.28,0.26,0.58,190,86,6,
162,Chandler Parsons,0.03,0.14,0.08,0.14,0.02,0.01,0.11,0.45,0.36,0.51,0.52,0.71,208,104,5,
163,Channing Frye,0.04,0.19,0.11,0.07,0.01,0.02,0.1,0.44,0.38,0.49,0.54,0.83,211,115,2,
164,Charles Jenkins,0.02,0.06,0.04,0.19,0.02,0,0.13,0.41,0.38,0.42,0.41,0.62,190,99,1,
165,Charlie Bell,0.03,0.08,0.05,0.13,0.02,0,0.12,0.36,0.34,0.38,0.44,0.71,190,90,1,
166,Charlie Villanueva,0.05,0.21,0.13,0.07,0.01,0.02,0.08,0.41,0.33,0.48,0.49,0.74,211,105,2,
167,Chase Budinger,0.04,0.14,0.09,0.09,0.01,0.01,0.11,0.43,0.33,0.51,0.5,0.76,201,94,5,
168,Chasson Randle,0.02,0.09,0.05,0.16,0.02,0.01,0.13,0.42,0.35,0.49,0.51,0.96,188,83,1,
169,Chauncey Billups,0.01,0.09,0.05,0.26,0.02,0,0.15,0.4,0.37,0.42,0.49,0.91,190,91,1,
171,Cheikh Samb,0.13,0.19,0.16,0.02,0.02,0.08,0.09,0.27,0,0.28,0.27,0.38,216,111,3,
173,Chris Andersen,0.1,0.21,0.16,0.04,0.01,0.06,0.12,0.52,0.23,0.54,0.53,0.67,208,111,3,
175,Chris Bosh,0.06,0.21,0.14,0.1,0.01,0.02,0.1,0.5,0.32,0.51,0.51,0.81,211,106,2,
176,Chris Copeland,0.03,0.1,0.07,0.1,0.01,0.01,0.12,0.41,0.36,0.49,0.51,0.77,206,108,5,
177,Chris Douglas-Roberts,0.02,0.1,0.06,0.09,0.01,0.01,0.09,0.39,0.23,0.45,0.42,0.83,201,90,5,
178,Chris Duhon,0.01,0.08,0.05,0.24,0.01,0,0.23,0.39,0.35,0.43,0.49,0.7,185,83,1,
179,Chris Hunter,0.08,0.16,0.12,0.07,0.01,0.03,0.11,0.5,0,0.51,0.5,0.75,211,108,3,
180,Chris Johnson,0.06,0.14,0.1,0.04,0.02,0.03,0.16,0.46,0.3,0.54,0.5,0.8,183,77,4,
181,Chris Kaman,0.08,0.24,0.16,0.11,0.01,0.04,0.16,0.49,0.05,0.49,0.49,0.78,213,120,3,
182,Chris McCullough,0.08,0.17,0.12,0.03,0.03,0.02,0.15,0.36,0.17,0.54,0.38,0.56,211,90,4,
184,Chris Paul,0.02,0.12,0.07,0.48,0.03,0,0.13,0.48,0.38,0.51,0.53,0.87,183,79,1,
185,Chris Quinn,0.01,0.07,0.04,0.2,0.02,0,0.15,0.36,0.28,0.41,0.43,0.84,188,83,1,
187,Chris Singleton,0.06,0.16,0.11,0.05,0.02,0.02,0.14,0.38,0.3,0.39,0.42,0.66,203,104,0,
190,Chris Wilcox,0.1,0.2,0.15,0.06,0.01,0.02,0.15,0.56,0,0.56,0.56,0.58,208,100,3,
191,Chris Wright,0.07,0.08,0.08,0.03,0.02,0.03,0.19,0.54,0,0.54,0.54,0.59,203,102,4,
192,Christian Eyenga,0.04,0.1,0.07,0.07,0.01,0.03,0.11,0.33,0.28,0.36,0.35,0.62,196,95,0,
193,Christian Wood,0.12,0.17,0.15,0.03,0.02,0.04,0.11,0.47,0.18,0.55,0.49,0.68,211,99,3,
194,Chuck Hayes,0.09,0.21,0.15,0.1,0.02,0.01,0.21,0.46,0,0.46,0.46,0.66,198,108,3,
195,Chucky Atkins,0.01,0.06,0.03,0.22,0.01,0,0.16,0.33,0.28,0.38,0.4,0.85,180,72,1,
196,Cleanthony Early,0.03,0.15,0.09,0.07,0.01,0.02,0.16,0.33,0.26,0.37,0.38,0.75,203,95,0,
198,Clint Capela,0.13,0.26,0.2,0.05,0.01,0.06,0.11,0.57,0,0.57,0.57,0.36,206,98,3,
199,Coby Karl,0.03,0.22,0.13,0.14,0.01,0.01,0.38,0.34,0.22,0.41,0.39,0.71,196,97,6,
200,Cody Zeller,0.08,0.19,0.14,0.09,0.02,0.03,0.12,0.5,0.28,0.5,0.5,0.73,213,108,2,
202,Corey Brewer,0.04,0.11,0.07,0.11,0.03,0.01,0.12,0.42,0.27,0.48,0.46,0.72,206,84,4,
203,Corey Maggette,0.03,0.14,0.09,0.11,0.01,0,0.13,0.44,0.31,0.46,0.46,0.82,198,98,5,
204,Cory Higgins,0.03,0.08,0.05,0.22,0.03,0.01,0.09,0.32,0.2,0.35,0.34,0.6,196,81,6,
205,Cory Jefferson,0.11,0.21,0.16,0.02,0.01,0.02,0.05,0.43,0.07,0.45,0.43,0.62,206,98,2,
206,Cory Joseph,0.03,0.1,0.07,0.19,0.02,0.01,0.13,0.44,0.3,0.47,0.47,0.77,190,87,1,
208,Courtney Fortson,0.07,0.11,0.09,0.16,0.02,0,0.21,0.35,0.23,0.43,0.4,0.67,180,83,6,
209,Courtney Lee,0.02,0.09,0.05,0.09,0.02,0.01,0.1,0.46,0.39,0.49,0.52,0.85,196,90,5,
211,Craig Brackins,0.07,0.1,0.08,0.09,0.01,0,0.05,0.26,0.17,0.31,0.28,0.5,208,104,0,
212,Craig Smith,0.08,0.17,0.13,0.09,0.01,0.01,0.14,0.55,0.04,0.56,0.55,0.69,201,113,3,
213,Cristiano Felicio,0.11,0.21,0.16,0.09,0.01,0.02,0.12,0.57,0,0.58,0.57,0.68,208,124,3,
214,Cuttino Mobley,0.02,0.08,0.05,0.09,0.02,0.01,0.11,0.43,0.35,0.46,0.47,0.77,193,86,5,
215,D.J. Augustin,0.01,0.07,0.04,0.26,0.01,0,0.16,0.39,0.36,0.42,0.47,0.86,206,106,5,
216,D.J. Kennedy,0.02,0.12,0.07,0.08,0.02,0,0.19,0.42,0.5,0.38,0.5,0,211,111,4,
218,D.J. Strawberry,0.04,0.07,0.06,0.15,0.02,0.02,0.1,0.32,0.24,0.34,0.35,0.47,211,113,0,
219,D.J. White,0.07,0.18,0.12,0.06,0.02,0.02,0.06,0.46,0.33,0.46,0.46,0.7,190,90,4,
220,Daequan Cook,0.02,0.13,0.07,0.07,0.01,0.01,0.08,0.35,0.34,0.38,0.46,0.77,190,83,5,
221,Dahntay Jones,0.03,0.1,0.07,0.08,0.01,0.01,0.1,0.4,0.27,0.44,0.42,0.76,190,83,5,
222,DaJuan Summers,0.02,0.15,0.09,0.09,0.01,0,0.09,0.36,0.37,0.37,0.4,0.65,203,104,0,
224,Damian Lillard,0.02,0.11,0.06,0.29,0.01,0.01,0.12,0.43,0.37,0.47,0.51,0.87,190,88,1,
225,Damien Inglis,0.02,0.21,0.11,0.09,0.02,0.02,0.21,0.35,0.23,0.42,0.39,0.88,203,111,0,
226,Damien Wilkins,0.04,0.1,0.07,0.11,0.02,0.01,0.12,0.43,0.31,0.44,0.46,0.74,208,99,5,
227,Damion James,0.04,0.21,0.12,0.06,0.01,0.02,0.17,0.35,0,0.38,0.35,0.77,201,102,0,
228,Damjan Rudez,0.02,0.06,0.04,0.08,0.01,0,0.14,0.4,0.35,0.55,0.53,0.85,208,103,5,
229,Damon Jones,0,0.06,0.03,0.12,0.01,0,0.12,0.37,0.41,0.21,0.53,0.71,190,83,1,
230,Damon Stoudamire,0.02,0.11,0.07,0.24,0.01,0,0.18,0.35,0.32,0.37,0.42,0.78,178,77,1,
231,Dan Dickau,0.01,0.09,0.05,0.28,0.02,0,0.14,0.42,0.33,0.47,0.48,0.83,183,86,1,
232,Dan Gadzuric,0.14,0.21,0.17,0.04,0.02,0.04,0.17,0.37,0,0.37,0.37,0.37,211,108,3,
233,D'Angelo Russell,0.02,0.12,0.07,0.24,0.02,0.01,0.16,0.41,0.35,0.45,0.48,0.76,188,86,1,
234,Daniel Gibson,0.01,0.08,0.05,0.13,0.01,0.01,0.11,0.4,0.41,0.38,0.51,0.76,188,86,1,
236,Daniel Orton,0.11,0.15,0.13,0.06,0.02,0.04,0.16,0.49,0,0.5,0.49,0.58,208,115,3,
237,Danilo Gallinari,0.03,0.14,0.08,0.09,0.01,0.01,0.09,0.42,0.37,0.46,0.51,0.87,208,102,5,
238,Danny Granger,0.04,0.13,0.08,0.09,0.01,0.02,0.11,0.4,0.35,0.43,0.47,0.84,206,100,5,
239,Danny Green,0.04,0.12,0.08,0.08,0.02,0.02,0.12,0.42,0.38,0.48,0.54,0.79,206,100,5,
240,Dante Cunningham,0.07,0.15,0.1,0.05,0.02,0.02,0.08,0.47,0.1,0.5,0.49,0.66,203,104,4,
241,Dante Exum,0.02,0.08,0.05,0.15,0.01,0.01,0.19,0.39,0.3,0.46,0.47,0.71,198,86,1,
244,Dario Saric,0.06,0.21,0.13,0.14,0.01,0.01,0.15,0.41,0.31,0.47,0.47,0.78,208,101,2,
245,Darius Johnson-Odom,0.09,0.34,0.22,0.15,0.02,0,0.1,0,0,0,0,0,201,95,7,
246,Darius Miles,0.08,0.16,0.12,0.1,0.02,0.06,0.16,0.49,0.17,0.51,0.49,0.74,206,95,3,
247,Darius Miller,0.01,0.07,0.04,0.08,0.01,0.01,0.13,0.33,0.24,0.38,0.39,0.9,203,106,0,
248,Darius Morris,0.03,0.07,0.05,0.2,0.02,0,0.2,0.38,0.29,0.46,0.43,0.57,193,86,6,
249,Darius Songaila,0.05,0.14,0.09,0.09,0.02,0.01,0.15,0.49,0.06,0.49,0.49,0.78,206,112,4,
250,Darius Washington,0.03,0.13,0.08,0.17,0.02,0,0.21,0.44,0.33,0.47,0.48,0.54,188,88,1,
251,Darko Milicic,0.07,0.19,0.13,0.07,0.01,0.03,0.21,0.42,0,0.42,0.42,0.53,213,113,3,
252,Darnell Jackson,0.1,0.13,0.11,0.03,0.01,0.01,0.17,0.35,0.17,0.36,0.36,0.66,206,114,0,
253,Darrell Armstrong,0.04,0.11,0.07,0.21,0.03,0,0.25,0.36,0.33,0.42,0.47,0.67,183,77,6,
254,Darrell Arthur,0.07,0.16,0.11,0.07,0.02,0.03,0.11,0.44,0.22,0.45,0.47,0.75,206,106,2,
255,Darren Collison,0.02,0.08,0.05,0.26,0.02,0,0.15,0.47,0.38,0.49,0.51,0.85,183,79,1,
256,Darrick Martin,0.03,0.03,0.03,0.21,0.02,0,0.02,0.23,0.13,0.3,0.26,0.83,180,77,7,
257,Darrun Hilliard,0.01,0.11,0.06,0.12,0.01,0,0.14,0.39,0.32,0.42,0.45,0.74,198,92,5,
259,David Andersen,0.06,0.21,0.14,0.06,0.01,0.02,0.13,0.46,0.34,0.49,0.49,0.7,208,104,2,
261,David Lee,0.1,0.24,0.17,0.14,0.01,0.01,0.13,0.53,0.03,0.54,0.54,0.76,201,102,3,
262,David Nwaba,0.04,0.13,0.09,0.05,0.02,0.01,0.1,0.58,0.2,0.61,0.59,0.64,193,94,4,
263,David Stockton,0,0.07,0.03,0.39,0.03,0,0.32,0.33,0.5,0.25,0.42,0.5,180,74,6,
265,David West,0.07,0.19,0.13,0.15,0.01,0.02,0.12,0.5,0.27,0.5,0.5,0.81,206,113,2,
266,Davis Bertans,0.03,0.11,0.07,0.08,0.01,0.03,0.11,0.44,0.4,0.56,0.59,0.82,208,95,5,
267,DeAndre' Bembry,0.04,0.13,0.09,0.12,0.01,0.01,0.13,0.48,0.06,0.58,0.49,0.38,198,95,4,
268,DeAndre Jordan,0.13,0.27,0.2,0.03,0.01,0.05,0.16,0.67,0.04,0.67,0.67,0.43,211,120,3,
269,DeAndre Liggins,0.22,0.11,0.19,0.06,0.03,0.01,0.14,0.53,0.22,0.58,0.57,0.58,198,94,4,
270,Dee Brown,0.02,0.08,0.05,0.18,0.01,0,0.27,0.32,0.28,0.3,0.4,0.64,185,72,6,
271,Dejounte Murray,0.02,0.12,0.07,0.23,0.01,0.02,0.23,0.43,0.39,0.44,0.47,0.7,196,77,1,
272,DeJuan Blair,0.12,0.22,0.17,0.07,0.02,0.01,0.16,0.5,0,0.5,0.5,0.59,201,122,3,
273,Delon Wright,0.04,0.11,0.08,0.2,0.02,0.02,0.15,0.44,0.36,0.46,0.47,0.75,196,83,1,
274,Delonte West,0.02,0.1,0.06,0.22,0.02,0.01,0.17,0.44,0.36,0.47,0.49,0.8,193,81,1,
275,DeMar DeRozan,0.03,0.11,0.07,0.14,0.01,0.01,0.1,0.45,0.26,0.46,0.46,0.82,201,100,5,
276,DeMarcus Cousins,0.1,0.28,0.19,0.19,0.02,0.03,0.15,0.46,0.24,0.47,0.48,0.74,211,122,2,
277,DeMarcus Nelson,0.04,0.11,0.08,0.11,0.03,0.01,0.2,0.44,0,0.47,0.44,0.36,193,90,4,
278,DeMarre Carroll,0.05,0.12,0.09,0.11,0.02,0.01,0.08,0.43,0.31,0.46,0.47,0.8,203,97,5,
279,Demetris Nichols,0,0.13,0.06,0.09,0,0.04,0.08,0.28,0.09,0.36,0.31,0.5,203,97,0,
280,Demetrius Jackson,0.13,0.13,0.13,0.28,0,0,0,0.75,1,0.67,0.88,0.5,185,91,4,
281,Dennis Horner,0.1,0.16,0.13,0,0,0,0.15,0.25,0,0.33,0.25,0.75,206,104,0,
282,Dennis Schroder,0.02,0.1,0.06,0.32,0.02,0,0.18,0.42,0.31,0.46,0.46,0.79,185,78,1,
283,Denzel Valentine,0.01,0.16,0.08,0.09,0.02,0.01,0.14,0.35,0.35,0.36,0.48,0.78,198,96,5,
284,DeQuan Jones,0.02,0.12,0.07,0.03,0.01,0.02,0.11,0.44,0.26,0.47,0.46,0.67,203,100,5,
285,Derek Anderson,0.03,0.13,0.08,0.18,0.02,0,0.15,0.38,0.37,0.38,0.45,0.74,196,87,1,
286,Derek Fisher,0.01,0.07,0.04,0.14,0.02,0,0.13,0.38,0.37,0.38,0.45,0.87,185,90,1,
287,DerMarr Johnson,0,0.04,0.02,0.07,0.02,0,0,0.5,0.33,0.8,0.61,0,193,83,4,
288,Deron Williams,0.01,0.1,0.06,0.4,0.02,0.01,0.17,0.44,0.35,0.48,0.5,0.83,190,90,1,
289,Derrick Brown,0.08,0.11,0.1,0.08,0.02,0.01,0.16,0.55,0.42,0.56,0.58,0.59,185,72,4,
290,Derrick Byars,0.19,0.15,0.17,0.04,0.03,0,0,0.27,0,0.6,0.27,1,201,99,0,
292,Derrick Favors,0.11,0.21,0.16,0.07,0.02,0.04,0.13,0.51,0.09,0.51,0.51,0.64,208,120,3,
293,Derrick Jones,0.08,0.08,0.08,0.03,0.01,0.02,0.09,0.56,0.27,0.59,0.57,0.71,203,100,4,
294,Derrick Rose,0.03,0.09,0.06,0.3,0.01,0.01,0.14,0.44,0.28,0.46,0.46,0.82,190,86,1,
295,Derrick Williams,0.04,0.16,0.1,0.05,0.01,0.01,0.1,0.43,0.28,0.49,0.47,0.71,190,90,5,
296,DeSagana Diop,0.12,0.19,0.16,0.06,0.01,0.05,0.22,0.43,0,0.43,0.43,0.34,213,136,3,
297,DeShawn Stevenson,0.02,0.1,0.06,0.1,0.01,0,0.11,0.32,0.3,0.37,0.42,0.66,196,95,0,
298,Desmon Farmer,0,0.13,0.07,0.05,0,0,0.21,0.29,0.25,0.5,0.39,1,196,99,0,
299,Desmond Mason,0.05,0.14,0.1,0.07,0.01,0.02,0.17,0.44,0,0.45,0.44,0.65,201,101,0,
300,Devean George,0.04,0.12,0.08,0.05,0.02,0.01,0.09,0.39,0.33,0.45,0.47,0.73,203,99,5,
301,Devin Booker,0.02,0.08,0.05,0.16,0.01,0.01,0.13,0.42,0.35,0.46,0.48,0.84,198,93,5,
302,Devin Brown,0.03,0.12,0.08,0.11,0.02,0,0.13,0.35,0.31,0.37,0.41,0.78,185,72,1,
303,Devin Ebanks,0.09,0.12,0.11,0.05,0.01,0.02,0.12,0.39,0.22,0.41,0.41,0.74,206,97,0,
304,Devin Harris,0.01,0.09,0.05,0.29,0.02,0,0.15,0.43,0.33,0.48,0.48,0.8,190,87,1,
305,Devyn Marble,0.03,0.14,0.08,0.09,0.02,0.01,0.11,0.31,0.22,0.39,0.36,0.37,198,90,0,
306,Dewayne Dedmon,0.1,0.23,0.16,0.02,0.01,0.04,0.14,0.45,0,0.45,0.45,0.63,213,111,3,
310,Diante Garrett,0.02,0.09,0.06,0.24,0.03,0,0.22,0.35,0.29,0.38,0.4,0.67,190,83,6,
311,Didier Ilunga-Mbenga,0.1,0.16,0.13,0.04,0.01,0.07,0.16,0.46,0,0.46,0.46,0.56,198,97,3,
313,Dion Waiters,0.02,0.08,0.05,0.15,0.02,0.01,0.12,0.41,0.33,0.44,0.45,0.7,193,102,5,
314,Dionte Christmas,0.07,0.14,0.11,0.06,0.01,0.01,0.08,0.36,0.29,0.42,0.43,0.75,196,92,0,
315,Dirk Nowitzki,0.03,0.22,0.12,0.13,0.01,0.02,0.08,0.47,0.38,0.5,0.51,0.89,213,111,2,
316,Domantas Sabonis,0.03,0.16,0.1,0.07,0.01,0.02,0.14,0.4,0.32,0.44,0.45,0.66,211,108,2,
317,Dominic McGuire,0.08,0.18,0.13,0.09,0.01,0.02,0.19,0.37,0.17,0.37,0.37,0.35,206,99,0,
318,Dominique Jones,0.05,0.13,0.09,0.27,0.02,0.01,0.21,0.36,0.08,0.39,0.36,0.76,203,99,6,
319,Donald Sloan,0.02,0.1,0.06,0.27,0.01,0,0.25,0.38,0.2,0.42,0.41,0.73,190,92,6,
320,Donatas Motiejunas,0.07,0.15,0.11,0.1,0.01,0.01,0.15,0.45,0.28,0.52,0.49,0.6,213,100,2,
321,Donte Greene,0.04,0.13,0.08,0.07,0.01,0.02,0.12,0.39,0.29,0.46,0.45,0.74,211,102,5,
322,Dontell Jefferson,0.02,0.16,0.09,0.18,0.03,0.01,0.19,0.5,0.5,0.5,0.52,0.67,196,88,4,
323,Donyell Marshall,0.07,0.18,0.12,0.07,0.01,0.03,0.11,0.36,0.33,0.39,0.46,0.77,206,98,2,
324,Dorell Wright,0.04,0.18,0.11,0.1,0.02,0.01,0.11,0.42,0.37,0.45,0.49,0.76,206,92,5,
325,Dorian Finney-Smith,0.04,0.12,0.08,0.06,0.02,0.01,0.11,0.37,0.29,0.48,0.46,0.75,203,99,5,
326,Doron Lamb,0.01,0.07,0.04,0.08,0.01,0,0.13,0.38,0.38,0.37,0.44,0.64,193,95,5,
327,Doug McDermott,0.02,0.11,0.06,0.05,0,0,0.08,0.44,0.37,0.49,0.52,0.79,203,102,5,
328,Dragan Bender,0.04,0.16,0.1,0.06,0.01,0.03,0.16,0.35,0.28,0.48,0.44,0.36,216,102,2,
329,Draymond Green,0.05,0.21,0.14,0.18,0.02,0.03,0.17,0.42,0.32,0.47,0.47,0.71,201,104,2,
330,Drew Gooden,0.11,0.23,0.17,0.07,0.01,0.02,0.12,0.45,0.13,0.46,0.46,0.81,208,113,2,
331,Drew Gordon,0.1,0.18,0.14,0.05,0.01,0,0.29,0.42,0,0.5,0.42,0.5,206,111,3,
333,Dwayne Jones,0.1,0.21,0.16,0.01,0,0.02,0.24,0.55,0,0.56,0.55,0.58,208,95,3,
334,Dwight Buycks,0.02,0.12,0.07,0.15,0.02,0,0.19,0.38,0.47,0.35,0.45,0.89,190,86,1,
335,Dwight Howard,0.12,0.3,0.21,0.08,0.01,0.05,0.17,0.6,0.1,0.6,0.6,0.55,211,120,3,
336,Dwight Powell,0.07,0.17,0.12,0.05,0.04,0.02,0.13,0.54,0.24,0.57,0.56,0.71,211,108,4,
337,Dwyane Wade,0.04,0.12,0.08,0.3,0.02,0.02,0.13,0.49,0.28,0.51,0.5,0.76,193,99,1,
338,Earl Barron,0.13,0.2,0.17,0.06,0.01,0.02,0.12,0.36,0.29,0.36,0.37,0.6,213,113,2,
339,Earl Boykins,0.01,0.07,0.04,0.26,0.01,0,0.14,0.39,0.31,0.41,0.42,0.85,165,61,1,
340,Earl Clark,0.06,0.19,0.12,0.05,0.01,0.03,0.11,0.39,0.23,0.42,0.42,0.61,208,102,2,
341,Earl Watson,0.03,0.09,0.06,0.29,0.02,0.01,0.3,0.37,0.27,0.41,0.41,0.75,185,88,6,
342,Ed Davis,0.12,0.23,0.17,0.06,0.01,0.04,0.12,0.55,0,0.55,0.55,0.58,208,108,3,
343,Eddie Gill,0,0.11,0.06,0.28,0.02,0.01,0.27,0.37,0.34,0.39,0.44,1,183,86,6,
344,Eddie House,0.01,0.1,0.06,0.12,0.02,0,0.1,0.39,0.37,0.42,0.49,0.91,185,81,1,
345,Eddie Jones,0.02,0.14,0.08,0.11,0.02,0.01,0.14,0.37,0.29,0.5,0.46,0.71,208,102,5,
347,Eduardo Najera,0.06,0.15,0.1,0.08,0.02,0.01,0.14,0.42,0.28,0.5,0.48,0.55,203,108,4,
348,Edwin Ubiles,0.04,0.18,0.11,0.03,0.01,0.02,0.05,0.28,0.2,0.31,0.31,1,198,92,0,
350,Ekpe Udoh,0.08,0.13,0.11,0.06,0.02,0.05,0.15,0.43,0,0.43,0.43,0.73,208,108,3,
351,Elfrid Payton,0.04,0.12,0.08,0.34,0.02,0.01,0.18,0.44,0.29,0.47,0.46,0.61,193,83,1,
353,Elijah Millsap,0.07,0.16,0.12,0.11,0.02,0.01,0.19,0.26,0.13,0.31,0.28,0.63,198,102,0,
354,Elliot Williams,0.02,0.08,0.05,0.13,0.02,0,0.1,0.38,0.38,0.36,0.47,0.43,196,86,5,
355,Elton Brand,0.08,0.2,0.14,0.09,0.02,0.04,0.12,0.47,0,0.48,0.47,0.72,203,124,3,
356,Emeka Okafor,0.12,0.25,0.18,0.05,0.01,0.04,0.13,0.53,0,0.54,0.53,0.56,208,114,3,
357,Emmanuel Mudiay,0.02,0.11,0.07,0.25,0.02,0.01,0.17,0.37,0.32,0.39,0.42,0.73,196,90,6,
358,Enes Kanter,0.14,0.21,0.18,0.05,0.01,0.02,0.14,0.53,0.38,0.53,0.53,0.77,211,111,2,
359,Eric Bledsoe,0.04,0.12,0.08,0.27,0.03,0.02,0.19,0.44,0.32,0.48,0.48,0.77,185,86,1,
361,Eric Gordon,0.01,0.07,0.04,0.16,0.02,0.01,0.13,0.43,0.37,0.47,0.51,0.82,193,97,1,
362,Eric Maynor,0.02,0.08,0.05,0.27,0.01,0,0.2,0.37,0.33,0.39,0.43,0.71,190,79,1,
364,Eric Piatkowski,0.01,0.1,0.06,0.12,0,0.01,0.15,0.36,0.42,0.14,0.53,1,201,97,5,
365,Eric Snow,0.01,0.06,0.04,0.19,0.02,0.01,0.17,0.16,0,0.17,0.16,0.46,190,86,7,
366,Erick Dampier,0.12,0.21,0.17,0.05,0.01,0.04,0.21,0.53,0.17,0.53,0.53,0.59,211,120,3,
367,Erick Green,0.05,0.09,0.07,0.14,0.01,0,0.02,0.29,0.19,0.47,0.33,0.94,193,83,0,
369,Ersan Ilyasova,0.08,0.19,0.14,0.08,0.02,0.01,0.1,0.43,0.36,0.5,0.5,0.76,208,106,2,
371,E'Twaun Moore,0.02,0.08,0.05,0.14,0.02,0.01,0.11,0.43,0.37,0.46,0.49,0.76,208,102,5,
372,Eugene Jeter,0.01,0.08,0.05,0.28,0.02,0,0.16,0.41,0.2,0.44,0.42,0.9,180,79,1,
373,Evan Fournier,0.02,0.09,0.05,0.13,0.02,0,0.13,0.45,0.38,0.49,0.53,0.78,201,92,5,
374,Evan Turner,0.02,0.17,0.1,0.2,0.01,0.01,0.15,0.43,0.31,0.45,0.45,0.78,201,99,5,
376,Fabricio Oberto,0.09,0.14,0.12,0.08,0.01,0.01,0.27,0.61,0,0.61,0.61,0.61,208,111,3,
378,Francisco Elson,0.1,0.15,0.12,0.05,0.01,0.02,0.14,0.4,0.08,0.4,0.4,0.64,213,106,2,
379,Francisco Garcia,0.02,0.1,0.06,0.1,0.02,0.02,0.1,0.41,0.35,0.47,0.5,0.75,201,88,5,
380,Frank Kaminsky,0.04,0.17,0.1,0.11,0.01,0.02,0.08,0.4,0.33,0.46,0.47,0.74,213,109,2,
381,Fred Jones,0.02,0.09,0.05,0.17,0.02,0.01,0.15,0.41,0.38,0.45,0.5,0.78,193,95,1,
382,Fred VanVleet,0.02,0.15,0.08,0.18,0.03,0.01,0.11,0.35,0.38,0.34,0.4,0.82,183,88,1,
383,Furkan Aldemir,0.15,0.21,0.18,0.08,0.02,0.02,0.16,0.51,0,0.55,0.51,0.48,208,108,3,
384,Gabe Pruitt,0.02,0.1,0.06,0.19,0.03,0,0.13,0.33,0.27,0.36,0.39,0.66,193,77,6,
385,Gal Mekel,0.01,0.06,0.03,0.36,0.02,0,0.17,0.25,0.13,0.28,0.26,0.67,190,86,6,
388,Garrett Temple,0.02,0.1,0.06,0.14,0.02,0.01,0.18,0.37,0.27,0.42,0.43,0.59,198,88,6,
389,Gary Forbes,0.04,0.12,0.08,0.12,0.02,0.01,0.14,0.43,0.34,0.46,0.48,0.7,201,99,5,
390,Gary Harris,0.03,0.07,0.05,0.1,0.02,0.01,0.11,0.43,0.33,0.5,0.49,0.78,193,95,5,
391,Gary Neal,0.01,0.1,0.05,0.12,0.01,0,0.09,0.38,0.34,0.4,0.44,0.87,193,95,5,
392,Gary Payton,0,0.14,0.07,0.18,0.02,0.04,0.29,0.36,0.11,0.54,0.39,0.6,193,81,6,
393,George Hill,0.02,0.1,0.06,0.19,0.02,0.01,0.11,0.45,0.37,0.49,0.52,0.8,190,85,1,
394,Georges Niang,0.02,0.18,0.1,0.08,0.02,0,0.12,0.25,0.08,0.33,0.26,1,203,104,0,
395,Georgios Papagiannis,0.08,0.2,0.14,0.09,0,0.04,0.18,0.55,0,0.56,0.55,0.86,216,108,3,
396,Gerald Green,0.09,0.12,0.1,0.08,0.01,0.01,0.11,0.46,0.36,0.49,0.52,0.81,201,92,5,
397,Gerald Henderson,0.03,0.12,0.07,0.12,0.01,0.01,0.1,0.43,0.29,0.45,0.46,0.79,188,79,5,
398,Gerald Wallace,0.05,0.18,0.11,0.12,0.02,0.02,0.16,0.45,0.32,0.5,0.49,0.71,201,97,4,
399,Giannis Antetokounmpo,0.05,0.2,0.12,0.18,0.02,0.03,0.16,0.48,0.26,0.51,0.51,0.73,211,100,2,
400,Gilbert Arenas,0.01,0.12,0.06,0.29,0.02,0.01,0.15,0.37,0.31,0.42,0.43,0.76,190,86,1,
401,Glen Davis,0.08,0.16,0.12,0.07,0.02,0.01,0.12,0.45,0.16,0.46,0.45,0.7,206,131,2,
402,Glen Rice,0.05,0.11,0.08,0.08,0.01,0,0.14,0.25,0.22,0.28,0.3,0.69,201,97,0,
403,Glenn Robinson,0.05,0.12,0.08,0.07,0.01,0.01,0.11,0.41,0.3,0.45,0.45,0.66,201,102,5,
404,Goran Dragic,0.03,0.09,0.06,0.27,0.02,0.01,0.17,0.46,0.36,0.5,0.52,0.74,190,86,1,
405,Gordan Giricek,0.02,0.11,0.07,0.12,0.02,0,0.15,0.41,0.36,0.44,0.47,0.89,198,95,5,
406,Gordon Hayward,0.03,0.12,0.08,0.18,0.02,0.01,0.13,0.45,0.38,0.48,0.5,0.81,203,102,5,
407,Gorgui Dieng,0.1,0.23,0.16,0.09,0.02,0.04,0.16,0.51,0.46,0.51,0.51,0.76,211,109,2,
408,Grant Hill,0.03,0.13,0.08,0.11,0.01,0.01,0.13,0.47,0.33,0.49,0.49,0.78,203,102,5,
409,Grant Jerrett,0.04,0.15,0.1,0.1,0.02,0.03,0.1,0.3,0.05,0.54,0.31,1,208,106,0,
410,Greg Buckner,0.03,0.13,0.08,0.1,0.02,0.01,0.18,0.38,0.28,0.45,0.44,0.83,193,95,5,
411,Greg Monroe,0.11,0.23,0.17,0.13,0.02,0.02,0.13,0.52,0,0.52,0.52,0.71,211,120,3,
413,Greg Smith,0.1,0.2,0.15,0.03,0.01,0.03,0.13,0.61,0,0.62,0.61,0.49,196,88,3,
414,Greg Stiemsma,0.09,0.17,0.13,0.05,0.02,0.05,0.25,0.58,0,0.58,0.58,0.64,211,117,3,
415,Greivis Vasquez,0.01,0.1,0.05,0.3,0.01,0,0.17,0.39,0.33,0.43,0.46,0.82,198,98,1,
416,Guillermo Diaz,0.13,0,0.06,0.09,0,0,0,0.25,0,0.33,0.25,0.6,188,87,7,
417,Gustavo Ayon,0.1,0.22,0.16,0.13,0.02,0.02,0.18,0.55,0,0.55,0.55,0.4,208,113,3,
418,Hakim Warrick,0.07,0.14,0.1,0.06,0.02,0.01,0.1,0.47,0.11,0.48,0.47,0.75,206,99,4,
420,Hamed Haddadi,0.15,0.26,0.21,0.07,0.01,0.07,0.21,0.45,0,0.46,0.45,0.6,218,115,3,
421,Harrison Barnes,0.04,0.13,0.09,0.07,0.01,0.01,0.09,0.45,0.37,0.48,0.5,0.76,190,92,5,
425,Hedo Turkoglu,0.02,0.15,0.09,0.18,0.02,0.01,0.15,0.41,0.36,0.45,0.5,0.67,208,99,5,
426,Henry Ellenson,0.06,0.26,0.15,0.07,0,0.01,0.17,0.36,0.29,0.45,0.44,0.5,211,111,2,
427,Henry Sims,0.17,0.16,0.17,0.07,0.01,0.02,0.15,0.49,0.06,0.49,0.49,0.74,208,112,3,
428,Henry Walker,0.02,0.14,0.08,0.09,0.01,0.01,0.15,0.48,0.32,0.54,0.56,0.8,196,83,5,
429,Hilton Armstrong,0.11,0.19,0.15,0.07,0.02,0.03,0.21,0.43,0.31,0.43,0.44,0.49,211,106,2,
430,Hollis Thompson,0.03,0.12,0.07,0.07,0.01,0.01,0.08,0.39,0.36,0.42,0.48,0.69,203,93,5,
431,Ian Clark,0.02,0.09,0.06,0.12,0.02,0.01,0.14,0.39,0.33,0.44,0.47,0.88,190,79,1,
432,Ian Mahinmi,0.09,0.2,0.15,0.04,0.02,0.04,0.16,0.54,0,0.55,0.54,0.64,211,113,3,
433,Ike Diogu,0.12,0.15,0.13,0.02,0.01,0.01,0.14,0.41,0.5,0.41,0.42,0.8,203,113,2,
434,Iman Shumpert,0.04,0.12,0.08,0.12,0.02,0.01,0.14,0.4,0.34,0.44,0.47,0.74,196,99,5,
435,Ime Udoka,0.04,0.16,0.1,0.09,0.02,0.01,0.14,0.36,0.25,0.43,0.41,0.65,198,97,0,
436,Ira Newble,0.09,0.11,0.1,0.07,0.01,0.01,0.14,0.38,0.29,0.42,0.41,0.77,201,99,0,
437,Isaiah Canaan,0.02,0.08,0.05,0.15,0.02,0,0.13,0.37,0.35,0.42,0.48,0.82,183,91,1,
438,Isaiah Taylor,0.02,0.04,0.03,0.07,0.01,0.02,0,0.14,0,0.2,0.14,0.5,190,77,7,
439,Isaiah Thomas,0.02,0.08,0.05,0.29,0.02,0,0.13,0.44,0.37,0.48,0.51,0.87,185,81,1,
440,Isaiah Whitehead,0.02,0.1,0.06,0.18,0.01,0.02,0.2,0.4,0.3,0.45,0.45,0.81,193,96,1,
441,Ish Smith,0.02,0.12,0.07,0.31,0.02,0.01,0.16,0.39,0.28,0.4,0.41,0.61,183,79,6,
442,Ivan Johnson,0.08,0.2,0.14,0.07,0.03,0.01,0.16,0.52,0.21,0.53,0.52,0.67,203,104,4,
443,Ivica Zubac,0.07,0.22,0.14,0.08,0.01,0.04,0.1,0.53,0,0.54,0.53,0.65,216,120,3,
444,J.J. Barea,0.02,0.1,0.06,0.31,0.01,0,0.15,0.42,0.36,0.46,0.48,0.8,203,94,1,
445,J.J. Hickson,0.11,0.22,0.17,0.07,0.01,0.02,0.13,0.5,0,0.5,0.5,0.59,218,122,3,
447,J.J. Redick,0.01,0.08,0.04,0.13,0.01,0,0.1,0.44,0.4,0.48,0.54,0.88,188,86,5,
448,J.R. Giddens,0.14,0.17,0.15,0.06,0.03,0,0.21,0.51,0,0.58,0.51,0.57,216,115,3,
449,J.R. Smith,0.02,0.12,0.07,0.14,0.02,0.01,0.1,0.42,0.38,0.46,0.51,0.72,188,86,1,
450,Jabari Brown,0.01,0.07,0.04,0.11,0.01,0,0.13,0.41,0.37,0.44,0.48,0.75,193,97,5,
451,Jabari Parker,0.06,0.14,0.1,0.11,0.02,0.01,0.11,0.49,0.29,0.51,0.51,0.74,203,113,4,
453,Jacque Vaughn,0.02,0.07,0.04,0.25,0.01,0,0.15,0.37,0.65,0.37,0.38,0.83,185,86,1,
454,Jae Crowder,0.04,0.14,0.09,0.09,0.02,0.01,0.09,0.43,0.33,0.51,0.51,0.78,198,106,5,
455,Jahlil Okafor,0.08,0.17,0.12,0.09,0.01,0.03,0.13,0.51,0.17,0.51,0.51,0.68,211,124,2,
457,JaKarr Sampson,0.04,0.13,0.09,0.08,0.01,0.02,0.16,0.44,0.23,0.51,0.47,0.67,211,106,2,
458,Jake Layman,0.03,0.08,0.05,0.06,0.02,0.01,0.1,0.29,0.26,0.34,0.37,0.77,206,95,0,
461,Jamaal Franklin,0.05,0.11,0.08,0.19,0.01,0.04,0.41,0.46,0.48,0.39,0.61,1,196,86,1,
463,Jamaal Tinsley,0.02,0.1,0.06,0.33,0.02,0.01,0.27,0.34,0.22,0.47,0.39,0.75,190,88,6,
464,Jamal Crawford,0.01,0.07,0.04,0.17,0.01,0,0.11,0.41,0.36,0.45,0.49,0.87,196,90,5,
465,Jamal Murray,0.03,0.11,0.07,0.14,0.01,0.01,0.13,0.4,0.33,0.47,0.48,0.88,193,93,5,
466,Jamario Moon,0.03,0.18,0.1,0.07,0.02,0.03,0.1,0.43,0.32,0.5,0.5,0.86,203,92,5,
467,Jameer Nelson,0.02,0.1,0.06,0.31,0.02,0,0.17,0.41,0.36,0.45,0.49,0.79,183,86,1,
468,James Anderson,0.03,0.12,0.08,0.12,0.01,0.01,0.15,0.4,0.34,0.46,0.49,0.79,198,96,5,
470,James Ennis,0.06,0.09,0.07,0.1,0.02,0.02,0.12,0.43,0.38,0.48,0.52,0.75,201,95,5,
471,James Harden,0.03,0.14,0.08,0.27,0.02,0.01,0.15,0.44,0.37,0.5,0.52,0.85,196,99,1,
472,James Johnson,0.05,0.15,0.1,0.15,0.02,0.04,0.18,0.47,0.25,0.51,0.49,0.66,206,113,2,
473,James Jones,0.02,0.1,0.06,0.05,0.01,0.01,0.06,0.4,0.41,0.4,0.56,0.76,190,81,5,
474,James Michael,0.11,0.13,0.12,0.05,0.02,0.04,0.12,0.54,0.38,0.54,0.54,0.53,198,90,4,
475,James Nunnally,0.01,0.13,0.07,0.07,0.02,0.01,0.13,0.33,0.32,0.34,0.41,0.67,201,92,0,
476,James Posey,0.02,0.19,0.1,0.08,0.02,0.01,0.11,0.38,0.35,0.47,0.51,0.8,203,97,5,
477,James Singleton,0.12,0.21,0.16,0.06,0.02,0.03,0.14,0.44,0.22,0.49,0.46,0.9,203,97,2,
478,James Southerland,0,0.22,0.11,0,0.01,0.04,0.04,0.25,0.37,0.17,0.33,0.5,203,97,0,
479,James White,0.01,0.06,0.03,0.15,0.03,0.04,0.25,0.52,0.42,0.57,0.6,0.58,206,131,4,
480,James Young,0.03,0.11,0.07,0.05,0.02,0.01,0.07,0.36,0.28,0.53,0.45,0.49,198,97,4,
482,JaMychal Green,0.12,0.18,0.15,0.05,0.01,0.03,0.18,0.54,0.14,0.63,0.55,0.79,206,102,3,
483,Jan Vesely,0.11,0.16,0.13,0.05,0.03,0.03,0.17,0.52,0,0.52,0.52,0.37,211,108,3,
484,Jannero Pargo,0.01,0.07,0.04,0.24,0.02,0,0.14,0.38,0.34,0.42,0.46,0.92,185,79,1,
485,Jared Cunningham,0.01,0.09,0.05,0.11,0.02,0,0.15,0.35,0.27,0.43,0.4,0.68,193,88,1,
486,Jared Dudley,0.06,0.12,0.09,0.09,0.02,0.01,0.11,0.47,0.38,0.52,0.54,0.71,201,102,4,
487,Jared Jeffries,0.1,0.11,0.11,0.08,0.02,0.02,0.17,0.39,0.19,0.41,0.4,0.54,211,104,0,
488,Jared Sullinger,0.11,0.21,0.16,0.1,0.01,0.02,0.1,0.42,0.24,0.47,0.45,0.68,206,117,2,
489,Jarell Eddie,0.02,0.14,0.07,0.03,0.01,0,0.03,0.31,0.28,0.47,0.42,0.94,201,98,5,
490,Jarell Martin,0.1,0.2,0.15,0.04,0.01,0.02,0.13,0.43,0.18,0.43,0.44,0.76,208,108,2,
492,Jarrett Jack,0.01,0.1,0.06,0.26,0.02,0,0.18,0.45,0.3,0.5,0.48,0.87,190,90,1,
493,Jarrod Uthoff,0.08,0.15,0.11,0.13,0.01,0.03,0.07,0.42,0.33,0.45,0.46,0.71,206,100,2,
494,Jarron Collins,0.13,0.09,0.11,0.04,0.01,0,0.2,0.34,0,0.35,0.34,0.63,193,88,0,
495,Jarvis Hayes,0.02,0.14,0.08,0.07,0.02,0,0.08,0.43,0.37,0.49,0.51,0.74,201,99,5,
497,Jason Collins,0.06,0.12,0.09,0.04,0.01,0.02,0.23,0.38,0.2,0.39,0.38,0.56,193,88,0,
498,Jason Hart,0.02,0.1,0.06,0.26,0.03,0.01,0.29,0.42,0.09,0.44,0.42,0.79,190,83,6,
499,Jason Kapono,0.02,0.07,0.04,0.07,0.01,0,0.09,0.39,0.34,0.43,0.46,0.75,203,96,5,
500,Jason Kidd,0.03,0.17,0.1,0.35,0.03,0.01,0.22,0.39,0.38,0.41,0.5,0.82,193,92,6,
501,Jason Maxiell,0.1,0.16,0.13,0.04,0.01,0.03,0.12,0.49,0,0.49,0.49,0.56,201,117,3,
502,Jason Richardson,0.03,0.12,0.08,0.11,0.02,0.01,0.08,0.44,0.39,0.48,0.52,0.72,198,99,5,
503,Jason Smith,0.08,0.17,0.12,0.07,0.01,0.03,0.12,0.47,0.23,0.48,0.48,0.76,211,113,2,
504,Jason Terry,0.01,0.07,0.04,0.16,0.02,0.01,0.11,0.43,0.38,0.48,0.53,0.83,188,83,1,
505,Jason Thompson,0.09,0.21,0.15,0.07,0.01,0.02,0.12,0.49,0.1,0.5,0.5,0.67,185,83,4,
506,Jason Williams,0.01,0.09,0.05,0.26,0.02,0,0.19,0.36,0.3,0.43,0.44,0.81,206,108,6,
507,JaVale McGee,0.11,0.2,0.15,0.03,0.01,0.06,0.13,0.54,0.2,0.54,0.54,0.59,213,122,3,
508,Javaris Crittenton,0.06,0.11,0.08,0.16,0.02,0,0.18,0.45,0.19,0.47,0.46,0.62,196,90,4,
509,Jawad Williams,0.04,0.09,0.07,0.05,0.02,0,0.09,0.38,0.32,0.43,0.45,0.73,206,108,5,
510,Jaylen Brown,0.04,0.14,0.09,0.07,0.01,0.01,0.13,0.45,0.34,0.51,0.51,0.69,193,97,5,
511,Jeff Adrien,0.12,0.25,0.18,0.07,0.01,0.03,0.12,0.47,0,0.47,0.47,0.6,201,111,3,
512,Jeff Ayres,0.09,0.21,0.15,0.06,0.01,0.02,0.16,0.54,0.25,0.54,0.54,0.8,188,83,4,
514,Jeff Foster,0.15,0.21,0.18,0.09,0.02,0.01,0.18,0.5,0.26,0.5,0.51,0.61,211,107,3,
515,Jeff Green,0.03,0.13,0.08,0.08,0.01,0.01,0.1,0.44,0.32,0.48,0.48,0.79,196,88,5,
516,Jeff McInnis,0.01,0.07,0.04,0.23,0.01,0,0.23,0.43,0.16,0.46,0.44,0.77,193,86,1,
517,Jeff Teague,0.01,0.09,0.05,0.32,0.02,0.01,0.16,0.44,0.34,0.47,0.48,0.84,188,84,1,
518,Jeff Withey,0.11,0.18,0.15,0.05,0.01,0.06,0.12,0.53,0,0.53,0.53,0.72,213,104,3,
519,Jeffery Taylor,0.03,0.09,0.06,0.07,0.01,0.01,0.11,0.4,0.31,0.45,0.45,0.64,193,79,5,
521,Jerami Grant,0.03,0.14,0.08,0.06,0.01,0.05,0.12,0.41,0.26,0.46,0.46,0.6,203,95,2,
522,Jerel McNeal,0,0.09,0.05,0.08,0.04,0.02,0.3,0.27,0.5,0.22,0.32,1,190,90,6,
523,Jeremy Evans,0.1,0.18,0.14,0.07,0.02,0.04,0.1,0.59,0.11,0.62,0.6,0.68,206,90,3,
524,Jeremy Lamb,0.03,0.16,0.09,0.1,0.01,0.01,0.08,0.42,0.32,0.48,0.48,0.85,196,83,5,
525,Jeremy Lin,0.02,0.1,0.06,0.28,0.03,0.01,0.18,0.43,0.33,0.46,0.47,0.8,190,90,1,
526,Jeremy Pargo,0.02,0.08,0.05,0.22,0.01,0,0.17,0.38,0.33,0.4,0.42,0.66,188,99,1,
527,Jeremy Richardson,0.01,0.08,0.05,0.04,0.01,0,0.09,0.3,0.31,0.31,0.37,0.83,198,83,0,
528,Jeremy Tyler,0.09,0.29,0.19,0.03,0.01,0.02,0.17,0.42,0,0.42,0.42,0.61,208,117,3,
529,Jerian Grant,0.02,0.1,0.06,0.2,0.02,0.01,0.14,0.41,0.29,0.46,0.46,0.84,203,95,5,
530,Jermaine O'Neal,0.08,0.19,0.14,0.08,0.01,0.05,0.15,0.47,0,0.48,0.47,0.75,211,102,3,
531,Jermaine Taylor,0.06,0.1,0.08,0.09,0.02,0.01,0.16,0.46,0.31,0.5,0.49,0.76,193,79,4,
533,Jerome Dyson,0.01,0.11,0.06,0.16,0.03,0.01,0.24,0.4,0.13,0.45,0.41,0.78,190,81,6,
538,Jerry Stackhouse,0.03,0.09,0.06,0.11,0.01,0.01,0.13,0.35,0.29,0.38,0.41,0.86,198,98,0,
539,Jerryd Bayless,0.02,0.1,0.06,0.23,0.01,0,0.16,0.4,0.34,0.42,0.45,0.82,190,90,1,
540,Jimmer Fredette,0.01,0.06,0.03,0.14,0.02,0,0.17,0.47,0.42,0.42,0.59,0.88,188,88,1,
541,Jimmy Butler,0.05,0.11,0.08,0.14,0.02,0.01,0.1,0.44,0.32,0.47,0.47,0.81,201,99,5,
542,Joakim Noah,0.14,0.23,0.19,0.16,0.01,0.03,0.18,0.49,0,0.49,0.49,0.66,211,104,3,
543,Jodie Meeks,0.01,0.11,0.06,0.08,0.02,0,0.08,0.4,0.37,0.44,0.5,0.87,193,95,5,
544,Joe Alexander,0.07,0.12,0.1,0.09,0.01,0.03,0.08,0.29,0.17,0.32,0.31,0.68,203,104,0,
545,Joe Crawford,0.05,0.15,0.1,0.07,0.02,0,0,0.3,0.25,0.33,0.35,1,196,95,0,
546,Joe Harris,0.01,0.14,0.08,0.11,0.01,0,0.17,0.36,0.33,0.48,0.48,0.66,198,99,5,
547,Joe Ingles,0.02,0.12,0.07,0.15,0.02,0,0.19,0.43,0.39,0.5,0.56,0.74,203,102,5,
548,Joe Johnson,0.02,0.1,0.06,0.19,0.01,0,0.11,0.44,0.38,0.48,0.51,0.82,201,90,5,
549,Joe Smith,0.09,0.2,0.14,0.07,0.01,0.03,0.13,0.39,0.2,0.39,0.39,0.8,213,106,2,
550,Joe Young,0.01,0.13,0.07,0.22,0.02,0,0.11,0.36,0.22,0.43,0.4,0.77,188,81,1,
552,Joel Bolomboy,0.09,0.28,0.19,0.06,0.01,0.03,0.1,0.56,0.25,0.67,0.59,0.5,206,106,3,
553,Joel Embiid,0.09,0.26,0.17,0.16,0.02,0.08,0.18,0.47,0.37,0.5,0.51,0.78,213,113,3,
554,Joel Freeland,0.11,0.2,0.16,0.05,0.01,0.02,0.13,0.46,0,0.46,0.46,0.73,208,113,3,
555,Joel Przybilla,0.1,0.28,0.19,0.03,0.01,0.03,0.31,0.5,0,0.5,0.5,0.49,216,115,3,
556,Joey Dorsey,0.14,0.26,0.2,0.08,0.02,0.01,0.17,0.49,0,0.49,0.49,0.42,203,121,3,
557,Joey Graham,0.05,0.15,0.1,0.05,0.01,0.01,0.14,0.47,0.33,0.49,0.48,0.8,201,102,5,
558,Joffrey Lauvergne,0.09,0.21,0.15,0.1,0.01,0.01,0.14,0.44,0.28,0.49,0.48,0.68,211,99,2,
559,Johan Petro,0.09,0.23,0.16,0.06,0.02,0.02,0.14,0.44,0.16,0.44,0.44,0.67,213,112,2,
560,John Henson,0.11,0.2,0.16,0.08,0.01,0.07,0.14,0.53,0,0.53,0.53,0.58,211,103,3,
561,John Jenkins,0.02,0.11,0.06,0.1,0.01,0,0.11,0.44,0.34,0.49,0.51,0.89,193,97,5,
562,John Lucas,0.01,0.04,0.03,0.2,0.02,0,0.07,0.35,0.23,0.4,0.4,0.64,190,79,1,
563,John Salmons,0.02,0.1,0.06,0.13,0.02,0.01,0.11,0.42,0.37,0.44,0.48,0.79,201,95,5,
564,John Wall,0.02,0.12,0.07,0.42,0.02,0.01,0.17,0.43,0.28,0.45,0.46,0.79,193,88,1,
565,Johnny O'Bryant,0.11,0.13,0.12,0.11,0,0.01,0.15,0.46,0.63,0.46,0.49,0.69,206,116,2,
566,Jon Brockman,0.15,0.2,0.17,0.05,0.01,0,0.16,0.46,0,0.46,0.46,0.58,201,115,3,
567,Jon Leuer,0.07,0.19,0.13,0.08,0.01,0.01,0.11,0.48,0.25,0.51,0.5,0.64,208,103,2,
568,Jonas Jerebko,0.08,0.18,0.13,0.08,0.02,0.01,0.12,0.45,0.36,0.49,0.51,0.78,208,104,2,
569,Jonas Valanciunas,0.12,0.25,0.19,0.04,0.01,0.03,0.14,0.56,0.17,0.56,0.56,0.78,213,120,3,
570,Jonathan Bender,0.06,0.15,0.1,0.08,0,0.04,0.2,0.4,0.36,0.43,0.47,0.92,211,91,2,
571,Jonathan Gibson,0.01,0.11,0.06,0.19,0.02,0,0.16,0.37,0.33,0.4,0.45,0.72,188,83,1,
572,Jonathon Simmons,0.02,0.11,0.07,0.12,0.02,0.01,0.15,0.46,0.34,0.5,0.5,0.75,185,83,1,
573,Jonny Flynn,0.02,0.08,0.05,0.31,0.01,0,0.2,0.36,0.3,0.38,0.4,0.77,183,83,1,
574,Jordan Adams,0.02,0.12,0.07,0.21,0.07,0.01,0.16,0.37,0.2,0.41,0.4,0.6,196,94,6,
575,Jordan Clarkson,0.03,0.1,0.06,0.17,0.02,0,0.12,0.44,0.33,0.48,0.49,0.81,196,87,1,
576,Jordan Crawford,0.03,0.1,0.06,0.22,0.01,0,0.14,0.41,0.31,0.46,0.46,0.82,196,95,1,
577,Jordan Farmar,0.02,0.09,0.05,0.25,0.02,0,0.16,0.41,0.39,0.41,0.51,0.79,188,81,1,
578,Jordan Hamilton,0.04,0.17,0.11,0.1,0.02,0.01,0.11,0.41,0.37,0.43,0.5,0.66,178,72,1,
579,Jordan Hill,0.14,0.21,0.18,0.05,0.01,0.03,0.14,0.49,0.03,0.49,0.49,0.7,208,106,3,
580,Jordan McRae,0.02,0.09,0.06,0.17,0.01,0.01,0.13,0.42,0.43,0.44,0.48,0.76,198,83,5,
581,Jordan Mickey,0.11,0.15,0.13,0.05,0.01,0.09,0.11,0.4,0,0.41,0.4,0.54,203,106,3,
584,Jorge Gutierrez,0.02,0.13,0.07,0.25,0.02,0,0.21,0.52,0.05,0.58,0.53,0.74,190,86,1,
585,Jose Calderon,0.02,0.1,0.06,0.33,0.01,0,0.17,0.46,0.4,0.5,0.54,0.89,190,90,1,
588,Josh Childress,0.06,0.12,0.09,0.09,0.02,0.01,0.27,0.48,0.23,0.52,0.49,0.45,203,95,4,
589,Josh Davis,0.14,0.1,0.12,0.07,0.03,0.01,0.09,0.37,0.31,0.43,0.44,0.5,188,77,4,
590,Josh Harrellson,0.11,0.18,0.14,0.03,0.02,0.03,0.15,0.44,0.31,0.58,0.51,0.61,208,124,2,
591,Josh Howard,0.04,0.14,0.09,0.08,0.02,0.01,0.09,0.41,0.28,0.44,0.44,0.74,201,95,5,
592,Josh Huestis,0.09,0.16,0.13,0.08,0,0.05,0.09,0.48,0.58,0.37,0.61,0,201,104,2,
593,Josh McRoberts,0.07,0.18,0.13,0.15,0.01,0.02,0.16,0.47,0.29,0.51,0.51,0.69,208,108,2,
594,Josh Powell,0.08,0.19,0.14,0.05,0.01,0.02,0.16,0.41,0.15,0.41,0.41,0.73,206,102,2,
595,Josh Richardson,0.02,0.09,0.06,0.11,0.02,0.02,0.11,0.42,0.4,0.45,0.51,0.72,198,90,5,
596,Josh Selby,0.01,0.08,0.04,0.15,0.02,0,0.24,0.31,0.15,0.36,0.33,0.71,188,83,6,
597,Josh Smith,0.07,0.19,0.13,0.18,0.02,0.04,0.15,0.43,0.27,0.46,0.46,0.57,213,106,2,
598,Jrue Holiday,0.03,0.1,0.06,0.32,0.02,0.01,0.16,0.44,0.37,0.47,0.49,0.79,193,92,1,
599,Juan Carlos,0.02,0.09,0.06,0.13,0.01,0,0.14,0.4,0.36,0.46,0.5,0.85,203,92,5,
600,Juan Dixon,0.02,0.1,0.06,0.23,0.02,0,0.18,0.41,0.4,0.42,0.47,0.76,190,74,1,
601,Juan Hernangomez,0.06,0.19,0.12,0.05,0.02,0.01,0.11,0.45,0.41,0.5,0.55,0.75,206,104,2,
602,Julian Wright,0.07,0.14,0.1,0.09,0.02,0.02,0.16,0.5,0.26,0.52,0.51,0.58,203,102,4,
603,Julius Randle,0.05,0.19,0.12,0.1,0.01,0.01,0.17,0.42,0.27,0.43,0.42,0.48,206,113,2,
604,Julyan Stone,0.05,0.11,0.08,0.17,0.02,0.01,0.27,0.61,0.22,0.7,0.64,0.71,198,90,4,
605,Justin Anderson,0.05,0.17,0.11,0.08,0.02,0.02,0.12,0.42,0.29,0.53,0.49,0.79,198,103,4,
606,Justin Dentmon,0,0.07,0.03,0.12,0.01,0,0.13,0.26,0.11,0.52,0.28,0.67,180,83,0,
607,Justin Hamilton,0.07,0.09,0.08,0.04,0.04,0.02,0.24,0.46,0.32,0.53,0.51,0.88,213,117,4,
608,Justin Harper,0.04,0.09,0.06,0.05,0.01,0.01,0.19,0.37,0.29,0.33,0.47,0.25,208,102,0,
609,Justin Holiday,0.01,0.11,0.06,0.11,0.02,0.02,0.13,0.38,0.32,0.44,0.45,0.74,198,83,5,
611,Justise Winslow,0.04,0.14,0.09,0.11,0.02,0.01,0.14,0.39,0.24,0.43,0.41,0.65,201,102,0,
612,Jusuf Nurkic,0.12,0.25,0.19,0.12,0.02,0.05,0.18,0.48,0,0.48,0.48,0.6,213,127,3,
613,Juwan Howard,0.07,0.16,0.12,0.1,0.01,0.01,0.15,0.46,0,0.46,0.46,0.79,206,108,2,
614,K.J. McDaniels,0.04,0.13,0.09,0.07,0.01,0.03,0.14,0.41,0.25,0.49,0.46,0.77,198,90,5,
617,Kareem Rush,0.01,0.1,0.06,0.1,0.02,0.02,0.15,0.37,0.34,0.4,0.44,0.86,198,97,5,
618,Karl-Anthony Towns,0.11,0.28,0.19,0.12,0.01,0.04,0.12,0.54,0.35,0.57,0.57,0.82,213,110,3,
619,Kasib Powell,0.03,0.14,0.09,0.1,0.02,0.01,0.05,0.37,0.24,0.44,0.41,0.67,201,97,0,
620,Kawhi Leonard,0.05,0.18,0.12,0.12,0.03,0.02,0.09,0.5,0.38,0.54,0.55,0.83,201,104,4,
621,Kay Felder,0.01,0.11,0.06,0.23,0.02,0.02,0.15,0.39,0.32,0.4,0.42,0.71,175,79,1,
622,Keith Appling,0,0.04,0.02,0.05,0.02,0,0.25,0.25,0,0.4,0.25,1,185,83,6,
624,Keith Bogans,0.02,0.12,0.07,0.08,0.01,0,0.11,0.4,0.36,0.49,0.53,0.77,196,97,5,
626,Kelenna Azubuike,0.04,0.1,0.07,0.05,0.02,0.01,0.14,0.46,0.38,0.49,0.52,0.73,196,99,5,
627,Kelly Olynyk,0.07,0.18,0.13,0.13,0.02,0.02,0.14,0.48,0.36,0.53,0.54,0.74,213,107,2,
628,Kelly Oubre,0.04,0.16,0.1,0.03,0.02,0.01,0.11,0.42,0.3,0.51,0.48,0.7,201,92,4,
629,Kemba Walker,0.02,0.11,0.06,0.29,0.02,0.01,0.11,0.41,0.34,0.44,0.46,0.82,203,95,1,
630,Kendall Marshall,0.01,0.08,0.04,0.33,0.02,0,0.26,0.4,0.36,0.43,0.48,0.67,193,90,6,
631,Kendrick Perkins,0.09,0.22,0.16,0.06,0.01,0.03,0.26,0.51,0,0.51,0.51,0.56,208,122,3,
632,Kenneth Faried,0.14,0.23,0.19,0.07,0.02,0.03,0.12,0.55,0.16,0.55,0.55,0.65,203,103,3,
634,Kent Bazemore,0.02,0.13,0.07,0.13,0.02,0.02,0.16,0.41,0.33,0.46,0.48,0.65,196,91,5,
635,Kentavious Caldwell-Pope,0.02,0.09,0.05,0.08,0.02,0.01,0.08,0.4,0.33,0.46,0.48,0.78,196,92,5,
636,Kenyon Martin,0.07,0.18,0.12,0.08,0.02,0.03,0.12,0.5,0.21,0.5,0.5,0.59,206,106,2,
637,Kevin Durant,0.02,0.19,0.11,0.19,0.02,0.02,0.12,0.49,0.38,0.53,0.54,0.88,206,108,2,
638,Kevin Garnett,0.05,0.28,0.17,0.15,0.02,0.02,0.11,0.5,0.13,0.51,0.5,0.78,211,108,2,
640,Kevin Love,0.11,0.3,0.2,0.12,0.01,0.01,0.11,0.44,0.32,0.47,0.49,0.81,208,113,2,
641,Kevin Martin,0.02,0.1,0.06,0.11,0.01,0,0.1,0.41,0.37,0.44,0.48,0.88,206,106,5,
643,Kevin Ollie,0.02,0.08,0.05,0.17,0.02,0,0.11,0.41,0,0.41,0.41,0.88,193,88,1,
644,Kevin Seraphin,0.09,0.17,0.13,0.07,0.01,0.04,0.16,0.49,0,0.49,0.49,0.73,206,129,3,
645,Kevon Looney,0.17,0.24,0.2,0.04,0.01,0.02,0.12,0.55,0.36,0.58,0.59,0.62,206,99,3,
646,Keyon Dooling,0.01,0.06,0.03,0.19,0.01,0,0.14,0.43,0.37,0.47,0.51,0.81,190,88,1,
647,Khris Middleton,0.02,0.12,0.07,0.14,0.02,0.01,0.11,0.45,0.39,0.47,0.51,0.87,203,106,5,
648,Kim English,0.02,0.08,0.05,0.1,0.02,0.01,0.13,0.38,0.28,0.45,0.44,0.72,198,90,5,
649,Kirk Hinrich,0.01,0.1,0.05,0.21,0.02,0.01,0.16,0.39,0.36,0.41,0.47,0.8,193,86,1,
650,Kirk Snyder,0.05,0.13,0.09,0.14,0.01,0.01,0.16,0.5,0.22,0.56,0.52,0.68,198,102,4,
651,Klay Thompson,0.02,0.09,0.06,0.11,0.01,0.01,0.1,0.45,0.42,0.48,0.54,0.85,201,97,5,
652,Kobe Bryant,0.03,0.13,0.08,0.26,0.02,0.01,0.13,0.43,0.31,0.47,0.47,0.84,198,96,1,
653,Kosta Koufos,0.13,0.21,0.17,0.04,0.01,0.04,0.13,0.51,0,0.51,0.51,0.6,213,120,3,
655,Kostas Papanikolaou,0.04,0.12,0.08,0.12,0.02,0.01,0.22,0.36,0.3,0.42,0.43,0.68,203,102,0,
656,Kris Dunn,0.02,0.13,0.07,0.19,0.03,0.02,0.21,0.38,0.29,0.4,0.41,0.61,193,95,6,
657,Kris Humphries,0.11,0.24,0.17,0.06,0.01,0.02,0.11,0.44,0.13,0.46,0.46,0.74,206,106,2,
658,Kris Joseph,0.02,0.13,0.08,0.03,0.03,0,0.08,0.11,0,0.13,0.11,0.63,201,95,7,
659,Kristaps Porzingis,0.06,0.19,0.13,0.08,0.01,0.05,0.1,0.44,0.35,0.47,0.49,0.81,221,108,2,
660,Kurt Thomas,0.08,0.23,0.16,0.07,0.02,0.03,0.13,0.49,0.4,0.49,0.49,0.67,206,104,2,
661,Kwame Brown,0.09,0.22,0.16,0.06,0.01,0.02,0.19,0.51,0,0.51,0.51,0.43,211,122,3,
662,Kyle Anderson,0.03,0.2,0.11,0.12,0.02,0.02,0.13,0.42,0.32,0.44,0.44,0.73,206,104,2,
663,Kyle Korver,0.01,0.11,0.06,0.11,0.01,0.01,0.12,0.45,0.43,0.48,0.58,0.88,201,96,5,
664,Kyle Lowry,0.03,0.12,0.08,0.29,0.02,0.01,0.16,0.43,0.33,0.47,0.49,0.8,183,92,1,
665,Kyle O'Quinn,0.1,0.24,0.17,0.13,0.01,0.05,0.16,0.5,0.12,0.52,0.51,0.73,208,113,3,
666,Kyle Singler,0.04,0.1,0.07,0.05,0.01,0.01,0.11,0.4,0.34,0.44,0.48,0.76,203,103,5,
667,Kyle Weaver,0.02,0.12,0.07,0.13,0.02,0.02,0.17,0.39,0.38,0.41,0.47,0.81,198,91,5,
668,Kyle Wiltjer,0.1,0.15,0.12,0.06,0.03,0.02,0.25,0.29,0.31,0,0.43,0.5,208,108,0,
669,Kyrie Irving,0.02,0.09,0.06,0.3,0.02,0.01,0.13,0.46,0.38,0.49,0.51,0.87,190,87,1,
670,Kyrylo Fesenko,0.13,0.24,0.19,0.06,0.02,0.04,0.16,0.47,0,0.47,0.47,0.46,216,130,3,
671,Lamar Odom,0.08,0.23,0.15,0.14,0.01,0.02,0.14,0.46,0.29,0.5,0.49,0.63,208,99,2,
672,Lamar Patterson,0.02,0.14,0.08,0.17,0.01,0,0.2,0.28,0.21,0.37,0.33,0.7,196,102,0,
673,LaMarcus Aldridge,0.09,0.19,0.14,0.1,0.01,0.02,0.08,0.49,0.22,0.49,0.49,0.81,211,117,2,
675,Lance Stephenson,0.02,0.15,0.09,0.21,0.01,0.01,0.18,0.44,0.26,0.48,0.47,0.66,196,104,5,
676,Lance Thomas,0.06,0.12,0.09,0.06,0.01,0,0.12,0.4,0.25,0.4,0.42,0.74,203,106,0,
677,Landry Fields,0.05,0.15,0.1,0.1,0.02,0.01,0.14,0.46,0.26,0.5,0.48,0.69,201,95,4,
678,Langston Galloway,0.02,0.11,0.06,0.13,0.02,0,0.09,0.39,0.39,0.39,0.48,0.81,188,90,1,
679,Larry Drew,0.01,0.07,0.04,0.34,0.01,0,0.3,0.35,0.15,0.5,0.38,0.67,185,77,6,
680,Larry Hughes,0.02,0.11,0.06,0.15,0.02,0.01,0.14,0.36,0.33,0.38,0.41,0.78,196,83,1,
681,Larry Nance,0.09,0.19,0.14,0.08,0.02,0.02,0.12,0.53,0.19,0.55,0.53,0.71,208,92,4,
682,Larry Owens,0.01,0.14,0.07,0.08,0.02,0.02,0.1,0.45,0.42,0.48,0.54,0.52,201,95,4,
683,Larry Sanders,0.13,0.18,0.16,0.05,0.02,0.07,0.16,0.44,0,0.44,0.44,0.6,211,106,3,
684,Lavoy Allen,0.12,0.19,0.15,0.09,0.01,0.03,0.12,0.47,0.08,0.47,0.47,0.68,206,117,3,
685,Lazar Hayward,0.03,0.13,0.08,0.1,0.02,0.01,0.09,0.3,0.19,0.37,0.34,0.79,198,102,0,
686,Leandro Barbosa,0.02,0.08,0.05,0.14,0.02,0.01,0.11,0.44,0.36,0.48,0.5,0.82,190,87,1,
687,LeBron James,0.04,0.19,0.12,0.37,0.02,0.02,0.13,0.52,0.35,0.57,0.56,0.74,203,113,4,
688,Leon Powe,0.11,0.17,0.14,0.03,0.01,0.01,0.1,0.5,0,0.51,0.5,0.6,203,108,3,
689,Lester Hudson,0.03,0.1,0.07,0.18,0.03,0.01,0.18,0.36,0.34,0.38,0.43,0.77,190,86,6,
690,Linas Kleiza,0.05,0.15,0.1,0.07,0.01,0.01,0.11,0.42,0.32,0.48,0.49,0.76,203,111,5,
691,Lindsey Hunter,0.01,0.07,0.04,0.18,0.03,0,0.15,0.28,0.23,0.32,0.34,0.79,188,77,6,
692,Linton Johnson,0.06,0.11,0.09,0.08,0,0,0.19,0.42,0.37,0.43,0.45,1,203,92,5,
695,Lorenzo Brown,0.02,0.12,0.07,0.27,0.03,0.01,0.2,0.35,0.15,0.44,0.37,0.69,196,85,6,
696,Lou Amundson,0.15,0.16,0.16,0.05,0.01,0.03,0.16,0.41,0,0.41,0.41,0.41,206,99,3,
697,Lou Williams,0.02,0.09,0.05,0.2,0.02,0.01,0.11,0.42,0.35,0.46,0.48,0.84,206,90,5,
698,Luc Mbah,0.07,0.13,0.1,0.06,0.02,0.01,0.13,0.46,0.25,0.48,0.48,0.65,201,99,4,
699,Lucas Nogueira,0.09,0.25,0.17,0.06,0.03,0.04,0.18,0.52,0.29,0.53,0.52,0.56,213,109,3,
700,Luigi Datome,0.04,0.16,0.1,0.11,0.01,0.01,0.1,0.44,0.34,0.5,0.51,0.93,203,97,5,
701,Luis Montero,0,0.1,0.05,0.04,0,0,0.16,0.26,0.11,0.4,0.29,0.75,201,83,0,
702,Luis Scola,0.08,0.21,0.15,0.11,0.01,0.01,0.12,0.49,0.15,0.5,0.5,0.73,206,108,2,
703,Luke Babbitt,0.03,0.17,0.1,0.07,0.01,0.01,0.1,0.39,0.38,0.39,0.5,0.7,206,102,5,
704,Luke Harangody,0.08,0.18,0.13,0.07,0.01,0.02,0.06,0.38,0.23,0.44,0.41,0.72,203,111,2,
705,Luke Jackson,0.04,0.14,0.09,0.13,0.02,0,0.09,0.33,0.37,0.3,0.39,0.7,206,108,0,
706,Luke Ridnour,0.02,0.08,0.05,0.26,0.02,0.01,0.15,0.42,0.34,0.45,0.47,0.8,188,79,1,
707,Luke Walton,0.05,0.12,0.09,0.19,0.01,0.01,0.21,0.39,0.3,0.42,0.43,0.63,203,106,0,
709,Luol Deng,0.05,0.14,0.1,0.12,0.01,0.01,0.1,0.44,0.34,0.47,0.48,0.77,206,99,5,
710,Luther Head,0.02,0.1,0.06,0.17,0.02,0.01,0.14,0.4,0.37,0.43,0.48,0.79,190,83,1,
711,Maalik Wayns,0,0.09,0.05,0.25,0.05,0,0.09,0.37,0.25,0.41,0.41,0.92,188,90,6,
712,Maceo Baston,0.11,0.18,0.14,0.05,0.01,0.03,0.15,0.61,0,0.62,0.61,0.67,206,97,3,
713,Malachi Richardson,0.02,0.12,0.07,0.09,0.01,0.01,0.1,0.41,0.29,0.5,0.47,0.79,198,92,5,
714,Malcolm Brogdon,0.03,0.1,0.06,0.24,0.02,0.01,0.14,0.46,0.4,0.48,0.52,0.87,196,97,1,
715,Malcolm Delaney,0.01,0.1,0.06,0.23,0.02,0,0.18,0.37,0.24,0.43,0.41,0.81,190,86,6,
716,Malcolm Lee,0.03,0.06,0.05,0.1,0.01,0.01,0.1,0.26,0.27,0.28,0.28,0.71,196,90,0,
717,Malcolm Thomas,0.09,0.26,0.18,0.07,0.01,0.04,0.22,0.34,0.17,0.37,0.35,0.44,206,102,3,
718,Malik Allen,0.08,0.13,0.11,0.06,0.01,0.02,0.12,0.44,0.29,0.44,0.44,0.78,208,115,2,
719,Malik Beasley,0.03,0.08,0.06,0.1,0.02,0,0.09,0.45,0.32,0.53,0.51,0.8,196,88,5,
720,Malik Hairston,0.07,0.13,0.1,0.11,0.01,0.03,0.15,0.51,0.09,0.54,0.51,0.43,198,99,4,
721,Malik Rose,0.05,0.19,0.12,0.11,0.01,0.01,0.19,0.34,0.07,0.36,0.34,0.76,201,113,0,
722,Manny Harris,0.06,0.18,0.12,0.12,0.01,0.01,0.13,0.34,0.26,0.36,0.38,0.7,196,83,0,
723,Manu Ginobili,0.03,0.13,0.08,0.27,0.03,0.01,0.16,0.45,0.37,0.5,0.53,0.83,198,92,1,
724,Marc Gasol,0.06,0.2,0.13,0.16,0.01,0.04,0.13,0.5,0.22,0.51,0.51,0.78,216,115,2,
725,Marcelo Huertas,0.02,0.1,0.06,0.32,0.02,0.01,0.22,0.4,0.24,0.45,0.43,0.73,190,90,6,
726,Marcin Gortat,0.11,0.25,0.18,0.06,0.01,0.04,0.12,0.55,0.25,0.55,0.55,0.67,211,108,3,
727,Marco Belinelli,0.01,0.09,0.05,0.11,0.01,0,0.11,0.42,0.38,0.45,0.5,0.82,196,95,5,
728,Marcus Banks,0.01,0.08,0.05,0.19,0.02,0.01,0.18,0.37,0.28,0.45,0.43,0.69,188,90,1,
729,Marcus Camby,0.12,0.32,0.22,0.11,0.02,0.05,0.15,0.45,0.25,0.45,0.45,0.57,211,99,3,
731,Marcus Georges-Hunt,0.02,0.19,0.1,0.08,0.01,0,0.15,0.29,0.5,0.2,0.36,0.9,196,97,0,
732,Marcus Haislip,0.11,0.16,0.13,0,0,0.03,0.12,0.48,0.6,0.44,0.55,0.4,208,104,2,
733,Marcus Landry,0.03,0.1,0.07,0,0,0.01,0.08,0.25,0.22,0.47,0.33,0.6,201,104,0,
734,Marcus Morris,0.05,0.14,0.09,0.08,0.01,0.01,0.1,0.41,0.33,0.46,0.47,0.66,188,88,5,
735,Marcus Smart,0.04,0.11,0.07,0.18,0.03,0.01,0.14,0.36,0.29,0.42,0.43,0.75,193,99,6,
736,Marcus Thornton,0.04,0.11,0.07,0.1,0.02,0,0.09,0.41,0.34,0.46,0.48,0.82,193,92,5,
737,Marcus Vinicius,0.02,0.12,0.07,0.04,0.01,0.01,0.11,0.45,0.42,0.5,0.58,0.46,206,97,5,
738,Marcus Williams,0.04,0.12,0.08,0.17,0.01,0.06,0.08,0.36,0.34,0.36,0.39,0.6,185,89,0,
739,Mardy Collins,0.03,0.1,0.07,0.19,0.02,0.01,0.19,0.38,0.27,0.4,0.4,0.59,198,99,6,
740,Mario Chalmers,0.02,0.1,0.06,0.22,0.03,0.01,0.18,0.41,0.32,0.47,0.48,0.81,188,86,1,
741,Mario Hezonja,0.02,0.13,0.08,0.1,0.01,0.01,0.16,0.39,0.32,0.45,0.47,0.85,203,97,5,
742,Mario West,0.08,0.12,0.1,0.1,0.03,0.01,0.16,0.46,0.31,0.48,0.47,0.58,208,104,4,
743,Mark Blount,0.06,0.17,0.11,0.04,0.01,0.02,0.13,0.42,0.4,0.42,0.47,0.63,213,104,2,
745,Markel Brown,0.02,0.12,0.07,0.11,0.02,0.01,0.12,0.38,0.29,0.42,0.43,0.79,190,83,1,
746,Markieff Morris,0.06,0.18,0.12,0.11,0.02,0.02,0.13,0.44,0.32,0.47,0.47,0.76,188,88,4,
747,Marko Jaric,0.03,0.09,0.06,0.2,0.02,0.01,0.2,0.38,0.38,0.38,0.42,0.72,201,89,6,
748,Marquese Chriss,0.06,0.16,0.11,0.05,0.02,0.03,0.13,0.45,0.32,0.52,0.51,0.62,208,105,4,
749,Marquis Daniels,0.04,0.11,0.07,0.12,0.02,0.01,0.13,0.44,0.19,0.47,0.45,0.7,198,90,5,
750,Marquis Teague,0,0.11,0.06,0.22,0.01,0.01,0.23,0.34,0.26,0.36,0.36,0.7,188,85,6,
751,Marreese Speights,0.11,0.21,0.16,0.07,0.01,0.03,0.11,0.46,0.25,0.47,0.47,0.79,208,115,2,
753,MarShon Brooks,0.04,0.17,0.11,0.11,0.02,0.01,0.13,0.43,0.36,0.45,0.47,0.74,196,90,5,
754,Martell Webster,0.03,0.11,0.07,0.06,0.01,0.01,0.1,0.35,0.32,0.44,0.43,0.79,216,102,5,
755,Marvin Williams,0.05,0.17,0.11,0.07,0.01,0.01,0.09,0.44,0.33,0.49,0.5,0.81,185,89,5,
756,Mason Plumlee,0.1,0.22,0.16,0.15,0.02,0.03,0.16,0.56,0,0.57,0.56,0.59,211,111,3,
757,Matt Barnes,0.05,0.17,0.11,0.12,0.02,0.02,0.15,0.43,0.33,0.52,0.51,0.77,203,95,4,
758,Matt Bonner,0.04,0.15,0.1,0.07,0.01,0.01,0.07,0.46,0.41,0.51,0.58,0.76,208,106,5,
759,Matt Carroll,0.02,0.09,0.06,0.09,0.01,0.01,0.13,0.38,0.26,0.42,0.42,0.86,198,96,5,
760,Matt Harpring,0.08,0.13,0.11,0.08,0.02,0.01,0.12,0.48,0.1,0.49,0.48,0.74,201,104,4,
761,Matthew Dellavedova,0.02,0.08,0.05,0.24,0.01,0,0.17,0.39,0.39,0.39,0.49,0.82,193,89,1,
762,Maurice Ager,0.02,0.07,0.05,0.07,0,0.01,0.12,0.36,0.24,0.39,0.4,0.5,196,91,0,
763,Maurice Evans,0.05,0.08,0.06,0.07,0.02,0.01,0.06,0.42,0.34,0.48,0.49,0.8,196,99,5,
764,Maurice Harkless,0.06,0.12,0.09,0.06,0.02,0.02,0.12,0.46,0.29,0.54,0.5,0.59,206,97,4,
765,Maurice Ndour,0.07,0.14,0.1,0.04,0.02,0.02,0.11,0.45,0.14,0.48,0.46,0.73,206,90,4,
766,Mehmet Okur,0.06,0.19,0.13,0.11,0.01,0.02,0.12,0.42,0.37,0.45,0.48,0.76,211,112,2,
768,Metta World,0.04,0.11,0.08,0.11,0.03,0.01,0.11,0.38,0.33,0.42,0.45,0.68,190,81,1,
769,Meyers Leonard,0.06,0.22,0.14,0.07,0.01,0.02,0.12,0.47,0.31,0.52,0.53,0.83,216,111,2,
770,Michael Beasley,0.05,0.18,0.12,0.1,0.01,0.02,0.12,0.47,0.35,0.48,0.49,0.75,206,106,2,
771,Michael Carter-Williams,0.03,0.15,0.09,0.31,0.03,0.02,0.18,0.4,0.23,0.44,0.42,0.7,198,86,6,
773,Michael Finley,0.01,0.11,0.06,0.09,0.01,0.01,0.09,0.44,0.39,0.47,0.52,0.63,201,97,5,
774,Michael Gbinije,0.07,0.04,0.05,0.08,0,0,0,0.1,0,0.17,0.1,1,201,90,7,
775,Michael Kidd-Gilchrist,0.07,0.19,0.13,0.08,0.01,0.02,0.1,0.48,0.22,0.49,0.49,0.71,201,105,2,
776,Michael Redd,0.02,0.09,0.05,0.13,0.01,0,0.08,0.41,0.32,0.46,0.46,0.83,198,99,5,
778,Mickael Gelabale,0.05,0.11,0.08,0.09,0.01,0.01,0.12,0.48,0.37,0.54,0.53,0.83,201,97,5,
779,Mickael Pietrus,0.03,0.12,0.07,0.05,0.02,0.01,0.1,0.4,0.36,0.46,0.51,0.65,198,97,5,
781,Mike Bibby,0.01,0.1,0.06,0.25,0.02,0,0.14,0.38,0.36,0.39,0.47,0.73,185,86,1,
782,Mike Conley,0.02,0.09,0.05,0.29,0.02,0,0.14,0.44,0.37,0.47,0.49,0.81,185,79,1,
783,Mike Dunleavy,0.02,0.13,0.08,0.11,0.01,0.01,0.11,0.43,0.39,0.47,0.53,0.81,190,81,5,
784,Mike Harris,0.12,0.18,0.15,0.05,0.02,0.02,0.13,0.42,0,0.43,0.42,0.71,198,108,3,
785,Mike James,0.02,0.08,0.05,0.21,0.02,0,0.14,0.35,0.4,0.34,0.4,0.69,188,85,1,
786,Mike Miller,0.03,0.18,0.1,0.14,0.01,0,0.18,0.43,0.41,0.44,0.56,0.74,203,98,5,
787,Mike Muscala,0.09,0.16,0.12,0.09,0.01,0.03,0.13,0.49,0.28,0.53,0.53,0.86,211,108,2,
788,Mike Scott,0.07,0.17,0.12,0.1,0.01,0.01,0.1,0.43,0.24,0.5,0.48,0.8,203,107,2,
789,Mike Taylor,0.03,0.1,0.07,0.23,0.02,0,0.19,0.41,0.33,0.43,0.44,0.69,188,74,1,
791,Mike Wilks,0.02,0.08,0.05,0.16,0.02,0,0.2,0.49,0.39,0.5,0.55,0.88,178,83,1,
792,Mikki Moore,0.08,0.16,0.12,0.07,0.01,0.02,0.18,0.55,0,0.55,0.55,0.76,211,102,3,
794,Mindaugas Kuzminskas,0.05,0.08,0.07,0.1,0.01,0.01,0.11,0.43,0.32,0.52,0.5,0.81,206,97,5,
796,Mirza Teletovic,0.04,0.17,0.11,0.08,0.01,0.01,0.1,0.4,0.36,0.47,0.51,0.76,206,109,2,
797,Mitch McGary,0.09,0.22,0.16,0.05,0.01,0.02,0.17,0.51,0,0.56,0.51,0.51,208,115,3,
798,Mo Williams,0.02,0.08,0.05,0.3,0.01,0,0.16,0.42,0.37,0.45,0.49,0.88,203,102,1,
799,Monta Ellis,0.02,0.09,0.05,0.23,0.02,0.01,0.14,0.45,0.31,0.48,0.47,0.78,190,83,1,
800,Montrezl Harrell,0.08,0.13,0.1,0.08,0.01,0.03,0.12,0.65,0.07,0.66,0.65,0.58,203,108,3,
801,Morris Almond,0.02,0.1,0.06,0.06,0.03,0,0.1,0.34,0.29,0.36,0.37,0.6,198,102,0,
802,Morris Peterson,0.02,0.14,0.08,0.06,0.01,0,0.05,0.4,0.29,0.44,0.48,0.67,201,98,5,
804,Mustafa Shakur,0.02,0.06,0.04,0.35,0.01,0.01,0.28,0.18,0.05,0.2,0.18,0.52,190,86,7,
806,Myles Turner,0.06,0.2,0.13,0.06,0.01,0.06,0.1,0.5,0.28,0.52,0.52,0.77,211,110,2,
807,Nando De,0.03,0.13,0.09,0.21,0.02,0.01,0.19,0.42,0.35,0.45,0.48,0.87,206,97,5,
808,Nate Robinson,0.02,0.07,0.05,0.24,0.02,0,0.11,0.37,0.32,0.44,0.44,0.77,175,81,1,
809,Nate Wolters,0.04,0.12,0.08,0.15,0.02,0.01,0.16,0.37,0.07,0.42,0.38,0.43,193,86,0,
810,Nathan Jawai,0.1,0.11,0.1,0.04,0.01,0.01,0.25,0.35,0,0.35,0.35,0.68,208,127,0,
811,Nazr Mohammed,0.12,0.2,0.16,0.04,0.01,0.03,0.16,0.49,0,0.49,0.49,0.6,208,100,3,
812,Nemanja Bjelica,0.05,0.18,0.12,0.11,0.01,0.02,0.14,0.45,0.35,0.55,0.54,0.73,208,108,2,
813,Nemanja Nedovic,0.02,0.09,0.06,0.12,0,0.01,0.23,0.21,0.17,0.24,0.24,0.88,190,87,7,
814,Nenad Krstic,0.09,0.17,0.13,0.04,0.01,0.02,0.1,0.49,0.1,0.49,0.49,0.77,213,108,2,
815,Nene Hilario,0.07,0.21,0.14,0.12,0.02,0.02,0.15,0.54,0.09,0.55,0.54,0.65,211,113,3,
816,Nerlens Noel,0.09,0.22,0.15,0.09,0.03,0.04,0.14,0.55,0.17,0.55,0.55,0.66,211,103,3,
817,Nick Calathes,0.02,0.12,0.07,0.27,0.03,0.01,0.21,0.44,0.28,0.47,0.47,0.57,198,96,6,
818,Nick Collison,0.1,0.16,0.13,0.09,0.01,0.02,0.17,0.55,0.08,0.56,0.55,0.71,208,115,3,
819,Nick Fazekas,0.14,0.24,0.19,0.05,0.01,0.02,0.08,0.51,0,0.52,0.51,0.68,211,106,3,
820,Nick Johnson,0.06,0.11,0.08,0.06,0.01,0.01,0.18,0.35,0.24,0.39,0.38,0.68,190,91,0,
821,Nick Young,0.02,0.08,0.05,0.07,0.01,0.01,0.09,0.41,0.37,0.43,0.48,0.84,201,95,5,
822,Nicolas Batum,0.04,0.15,0.09,0.16,0.02,0.02,0.14,0.44,0.36,0.52,0.53,0.84,203,90,5,
823,Nicolas Brussino,0.06,0.16,0.11,0.14,0.02,0.01,0.15,0.37,0.31,0.5,0.47,0.77,201,88,5,
824,Nicolas Laprovittola,0.01,0.06,0.03,0.23,0.01,0.01,0.27,0.43,0.37,0.5,0.53,1,193,81,1,
825,Nik Stauskas,0.01,0.09,0.05,0.11,0.01,0.01,0.13,0.38,0.34,0.44,0.48,0.81,198,92,5,
826,Nikola Jokic,0.12,0.26,0.19,0.23,0.02,0.02,0.14,0.55,0.33,0.58,0.57,0.82,208,113,2,
827,Nikola Mirotic,0.04,0.21,0.12,0.09,0.02,0.02,0.11,0.41,0.35,0.48,0.51,0.79,208,99,2,
829,Nikola Vucevic,0.11,0.26,0.18,0.12,0.01,0.02,0.11,0.5,0.25,0.5,0.5,0.69,213,117,2,
830,Noah Vonleh,0.1,0.23,0.16,0.03,0.01,0.02,0.14,0.43,0.32,0.45,0.45,0.69,208,108,2,
831,Nolan Smith,0.03,0.08,0.06,0.19,0.02,0,0.18,0.37,0.25,0.41,0.4,0.71,188,83,6,
832,Norman Powell,0.02,0.13,0.08,0.1,0.02,0.01,0.11,0.44,0.36,0.48,0.5,0.8,193,97,5,
833,Norris Cole,0.01,0.09,0.05,0.19,0.02,0,0.15,0.4,0.31,0.43,0.44,0.75,188,79,1,
834,O.J. Mayo,0.02,0.1,0.06,0.16,0.02,0.01,0.14,0.42,0.37,0.45,0.49,0.81,201,99,5,
836,Okaro White,0.06,0.14,0.1,0.06,0.01,0.02,0.16,0.38,0.35,0.4,0.45,0.91,203,92,5,
837,Oleksiy Pecherov,0.1,0.19,0.15,0.03,0.01,0.02,0.11,0.38,0.29,0.44,0.44,0.79,213,105,2,
839,Omer Asik,0.13,0.27,0.2,0.04,0.01,0.03,0.2,0.52,0,0.52,0.52,0.55,213,115,3,
840,Omri Casspi,0.05,0.15,0.1,0.08,0.02,0.01,0.13,0.46,0.36,0.5,0.52,0.64,206,102,4,
841,Orien Greene,0,0.06,0.03,0.22,0.07,0.01,0.19,0.39,0,0.4,0.39,0.5,193,94,6,
842,Orlando Johnson,0.04,0.12,0.08,0.07,0.01,0.02,0.1,0.29,0.22,0.33,0.33,0.69,196,99,0,
845,Othyus Jeffers,0.05,0.2,0.12,0.07,0.01,0,0.16,0.4,0.1,0.54,0.4,0.71,196,90,0,
846,Otto Porter,0.06,0.14,0.1,0.07,0.02,0.01,0.09,0.45,0.33,0.5,0.51,0.75,203,89,4,
847,P.J. Brown,0.18,0.21,0.19,0.07,0.01,0.03,0.17,0.34,0,0.35,0.34,0.69,229,106,3,
848,P.J. Hairston,0.02,0.12,0.07,0.05,0.01,0.01,0.09,0.35,0.28,0.43,0.43,0.79,206,102,5,
849,P.J. Tucker,0.06,0.17,0.11,0.07,0.02,0.01,0.12,0.43,0.35,0.46,0.49,0.75,206,97,4,
850,Pablo Prigioni,0.03,0.09,0.06,0.23,0.03,0,0.22,0.41,0.36,0.53,0.53,0.87,190,83,1,
851,Pape Sy,0.12,0.06,0.09,0.15,0.03,0,0.29,0.33,0,0.4,0.33,1,201,102,6,
852,Pascal Siakam,0.08,0.16,0.12,0.03,0.02,0.05,0.13,0.5,0.14,0.52,0.51,0.69,206,104,3,
853,Pat Connaughton,0.06,0.15,0.11,0.11,0.01,0,0.17,0.39,0.38,0.4,0.47,0.89,196,93,5,
854,Pat Garrity,0.04,0.14,0.09,0.07,0.01,0,0.17,0.34,0.22,0.44,0.39,0.8,206,107,0,
856,Patrick Beverley,0.05,0.11,0.08,0.18,0.02,0.01,0.14,0.41,0.37,0.46,0.51,0.77,185,83,1,
858,Patrick Ewing,0.06,0.06,0.06,0.14,0,0.04,0.13,0,0,0,0,0.75,213,108,7,
859,Patrick McCaw,0.02,0.08,0.05,0.09,0.01,0.01,0.12,0.43,0.33,0.53,0.52,0.78,201,83,5,
860,Patrick O'Bryant,0.07,0.23,0.15,0.06,0.02,0.06,0.2,0.54,0,0.55,0.54,0.54,213,117,3,
861,Patrick Patterson,0.08,0.16,0.12,0.08,0.01,0.02,0.1,0.47,0.3,0.51,0.52,0.74,206,104,2,
862,Patty Mills,0.02,0.07,0.05,0.21,0.02,0,0.12,0.44,0.41,0.48,0.53,0.82,203,111,5,
863,Pau Gasol,0.08,0.22,0.16,0.16,0.01,0.03,0.11,0.51,0.29,0.52,0.52,0.78,213,113,2,
864,Paul Davis,0.08,0.09,0.09,0.3,0.01,0.04,0.07,0.43,0,0.43,0.43,0.63,211,122,2,
865,Paul George,0.03,0.18,0.11,0.15,0.03,0.01,0.14,0.43,0.37,0.46,0.5,0.82,206,99,4,
866,Paul Millsap,0.09,0.2,0.15,0.13,0.02,0.03,0.12,0.49,0.24,0.51,0.51,0.74,203,111,2,
867,Paul Pierce,0.02,0.16,0.09,0.16,0.02,0.01,0.14,0.44,0.37,0.49,0.52,0.82,201,106,5,
868,Paul Zipser,0.02,0.14,0.08,0.06,0.01,0.02,0.14,0.4,0.33,0.45,0.47,0.78,203,97,5,
869,Peja Stojakovic,0.02,0.12,0.07,0.08,0.01,0,0.08,0.46,0.45,0.48,0.59,0.92,206,99,5,
870,Pero Antic,0.07,0.16,0.12,0.08,0.01,0.01,0.13,0.39,0.31,0.5,0.48,0.74,211,117,2,
871,Perry Jones,0.04,0.14,0.09,0.05,0.01,0.02,0.11,0.42,0.2,0.46,0.45,0.66,211,106,2,
872,Peyton Siva,0.01,0.06,0.03,0.21,0.02,0,0.22,0.32,0.28,0.34,0.38,0.73,183,83,6,
873,Phil Pressey,0.02,0.1,0.06,0.36,0.03,0.01,0.25,0.37,0.21,0.42,0.4,0.58,180,79,6,
874,Pierre Jackson,0.01,0.12,0.06,0.38,0.01,0,0.07,0.33,0.27,0.36,0.37,0.86,178,81,1,
875,Pops Mensah-Bonsu,0.18,0.24,0.21,0.05,0.02,0.03,0.18,0.41,0,0.41,0.41,0.61,206,108,3,
877,Quentin Richardson,0.06,0.17,0.11,0.07,0.01,0,0.11,0.33,0.33,0.35,0.42,0.79,198,101,0,
878,Quincy Acy,0.07,0.18,0.13,0.05,0.01,0.02,0.12,0.45,0.34,0.48,0.5,0.72,201,108,2,
879,Quincy Douby,0.03,0.09,0.06,0.15,0.01,0.01,0.13,0.42,0.34,0.47,0.48,0.88,190,79,1,
880,Quincy Miller,0.04,0.13,0.09,0.1,0.02,0.03,0.11,0.28,0.16,0.33,0.32,0.67,206,95,0,
881,Quincy Pondexter,0.04,0.09,0.06,0.07,0.01,0.01,0.1,0.41,0.35,0.47,0.49,0.73,201,99,5,
882,Quinn Cook,0.01,0.04,0.02,0.23,0.01,0,0.17,0.49,0.43,0.55,0.58,0.36,188,83,1,
883,Quinton Ross,0.03,0.08,0.06,0.05,0.01,0.01,0.09,0.38,0.23,0.41,0.4,0.59,198,88,0,
884,R.J. Hunter,0,0.12,0.06,0.03,0.01,0.01,0.05,0.18,0.15,0.49,0.23,0.86,201,104,0,
885,Raef LaFrentz,0.11,0.16,0.14,0.03,0.02,0.05,0.13,0.44,0,0.47,0.44,0.58,211,108,3,
886,Rafer Alston,0.01,0.09,0.05,0.24,0.02,0,0.15,0.37,0.34,0.39,0.44,0.72,188,77,1,
887,Raja Bell,0.02,0.1,0.06,0.11,0.01,0,0.08,0.46,0.47,0.45,0.57,0.89,196,92,5,
888,Rajon Rondo,0.04,0.14,0.09,0.43,0.03,0,0.22,0.45,0.29,0.47,0.47,0.56,185,84,6,
890,Ramon Sessions,0.02,0.11,0.06,0.29,0.01,0,0.16,0.42,0.31,0.44,0.45,0.78,190,86,1,
892,Randy Foye,0.01,0.09,0.05,0.17,0.01,0.01,0.13,0.39,0.35,0.42,0.47,0.84,193,96,5,
893,Rashad McCants,0.02,0.1,0.06,0.12,0.02,0.01,0.11,0.41,0.35,0.45,0.48,0.76,193,93,5,
894,Rashad Vaughn,0.01,0.1,0.06,0.06,0.02,0.02,0.09,0.34,0.31,0.37,0.42,0.6,198,91,0,
895,Rashard Lewis,0.04,0.13,0.09,0.08,0.02,0.01,0.12,0.43,0.36,0.48,0.51,0.79,198,90,5,
896,Rasheed Wallace,0.04,0.24,0.14,0.07,0.02,0.04,0.08,0.41,0.33,0.48,0.48,0.75,208,102,2,
897,Rasho Nesterovic,0.1,0.15,0.12,0.11,0.01,0.03,0.11,0.54,0.17,0.54,0.54,0.58,213,112,3,
898,Rasual Butler,0.02,0.11,0.06,0.06,0.01,0.02,0.08,0.41,0.37,0.44,0.5,0.71,201,97,5,
899,Raul Neto,0.01,0.08,0.05,0.17,0.03,0.01,0.17,0.44,0.36,0.49,0.51,0.82,185,81,1,
900,Ray Allen,0.02,0.09,0.06,0.12,0.01,0,0.11,0.46,0.41,0.51,0.56,0.91,203,99,5,
901,Ray McCallum,0.02,0.09,0.06,0.2,0.01,0.01,0.13,0.39,0.35,0.4,0.43,0.74,190,86,1,
902,Raymond Felton,0.02,0.09,0.06,0.29,0.02,0.01,0.16,0.42,0.33,0.45,0.47,0.78,185,92,1,
903,Reggie Bullock,0.02,0.14,0.08,0.05,0.01,0.01,0.09,0.34,0.3,0.4,0.43,0.73,201,92,0,
904,Reggie Evans,0.15,0.29,0.22,0.04,0.02,0.01,0.22,0.45,0.25,0.46,0.46,0.54,203,111,3,
905,Reggie Jackson,0.03,0.11,0.07,0.3,0.02,0,0.15,0.42,0.3,0.47,0.46,0.85,190,94,1,
906,Reggie Williams,0.03,0.1,0.06,0.13,0.02,0,0.09,0.44,0.33,0.52,0.51,0.77,201,86,5,
907,Renaldo Balkman,0.07,0.15,0.11,0.06,0.03,0.02,0.13,0.45,0.27,0.46,0.48,0.61,203,94,4,
908,Richard Hamilton,0.03,0.08,0.05,0.22,0.01,0,0.12,0.44,0.36,0.46,0.47,0.84,198,83,1,
909,Richard Jefferson,0.02,0.12,0.07,0.09,0.01,0.01,0.11,0.45,0.39,0.48,0.53,0.73,201,105,5,
910,Richaun Holmes,0.09,0.16,0.12,0.08,0.02,0.04,0.11,0.54,0.27,0.6,0.56,0.69,208,111,3,
911,Richie Frahm,0.03,0.07,0.05,0.08,0.01,0,0.1,0.37,0.28,0.45,0.44,0,196,95,0,
912,Ricky Davis,0.02,0.1,0.06,0.15,0.01,0,0.15,0.4,0.37,0.42,0.47,0.74,198,88,5,
913,Ricky Ledo,0.06,0.09,0.08,0.12,0.01,0,0.18,0.26,0.29,0.25,0.31,0.74,201,88,0,
914,Ricky Rubio,0.03,0.13,0.08,0.4,0.03,0,0.21,0.37,0.31,0.39,0.41,0.82,193,87,6,
915,Rob Kurz,0.08,0.12,0.1,0.07,0.02,0.03,0.1,0.39,0.4,0.39,0.45,0.8,206,105,2,
916,Robbie Hummel,0.05,0.17,0.11,0.05,0.01,0.01,0.07,0.42,0.34,0.46,0.49,0.88,203,97,5,
917,Robert Covington,0.05,0.16,0.1,0.06,0.03,0.01,0.12,0.4,0.36,0.51,0.52,0.81,206,97,4,
918,Robert Horry,0.07,0.15,0.11,0.12,0.02,0.03,0.14,0.32,0.26,0.41,0.4,0.64,206,99,0,
919,Robert Sacre,0.08,0.15,0.11,0.06,0.01,0.03,0.12,0.42,0,0.42,0.42,0.66,213,122,2,
921,Robin Lopez,0.12,0.14,0.13,0.04,0.01,0.04,0.12,0.52,0,0.53,0.52,0.75,213,115,3,
922,Rodney Carney,0.07,0.1,0.09,0.04,0.03,0.01,0.08,0.4,0.31,0.45,0.46,0.72,201,92,4,
923,Rodney Hood,0.01,0.12,0.07,0.13,0.01,0.01,0.1,0.41,0.37,0.46,0.5,0.8,203,93,5,
924,Rodney McGruder,0.05,0.09,0.07,0.09,0.01,0.01,0.1,0.41,0.33,0.49,0.49,0.62,193,92,5,
925,Rodney Stuckey,0.03,0.1,0.06,0.21,0.02,0,0.13,0.42,0.28,0.44,0.44,0.82,196,95,1,
926,Rodrigue Beaubois,0.02,0.11,0.06,0.21,0.02,0.01,0.15,0.43,0.32,0.49,0.49,0.8,183,77,1,
927,Roger Mason,0.01,0.11,0.06,0.11,0.01,0.01,0.1,0.4,0.38,0.43,0.51,0.85,196,90,5,
928,Roko Ukic,0.02,0.05,0.03,0.24,0.01,0,0.15,0.42,0.21,0.52,0.46,0.78,196,83,1,
929,Ron Baker,0.02,0.11,0.06,0.17,0.02,0.01,0.19,0.38,0.27,0.45,0.43,0.65,193,99,6,
930,Ronald Dupree,0.03,0.27,0.15,0.06,0.01,0,0,0.31,0,0.33,0.31,1,201,94,0,
931,Ronald Murray,0.02,0.09,0.06,0.2,0.02,0.01,0.13,0.41,0.32,0.44,0.45,0.71,193,86,1,
932,Rondae Hollis-Jefferson,0.06,0.21,0.14,0.12,0.03,0.02,0.15,0.45,0.26,0.47,0.46,0.73,201,99,4,
933,Ronnie Brewer,0.04,0.1,0.07,0.09,0.03,0.01,0.1,0.38,0.23,0.41,0.4,0.51,193,81,0,
934,Ronnie Price,0.03,0.08,0.05,0.2,0.03,0.01,0.18,0.35,0.28,0.39,0.41,0.74,188,86,6,
935,Ronny Turiaf,0.07,0.17,0.12,0.1,0.02,0.05,0.23,0.6,0,0.61,0.6,0.58,208,112,3,
936,Roy Hibbert,0.1,0.17,0.13,0.09,0.01,0.06,0.15,0.5,0.16,0.5,0.5,0.76,218,122,3,
937,Royal Ivey,0.02,0.1,0.06,0.09,0.02,0,0.1,0.35,0.33,0.37,0.43,0.68,190,90,5,
939,Ruben Patterson,0.08,0.14,0.11,0.09,0.03,0.02,0.21,0.45,0,0.46,0.45,0.56,196,101,4,
940,Rudy Fernandez,0.02,0.1,0.06,0.15,0.02,0.01,0.13,0.4,0.35,0.47,0.51,0.82,198,83,5,
941,Rudy Gay,0.05,0.15,0.1,0.12,0.02,0.02,0.12,0.45,0.34,0.47,0.48,0.81,203,104,5,
942,Rudy Gobert,0.13,0.28,0.21,0.06,0.01,0.07,0.19,0.58,0,0.58,0.58,0.58,216,111,3,
943,Russ Smith,0.02,0.1,0.06,0.2,0.03,0,0.27,0.31,0.19,0.38,0.35,0.82,183,74,6,
944,Russell Westbrook,0.06,0.15,0.1,0.41,0.03,0.01,0.16,0.43,0.3,0.46,0.46,0.82,190,90,1,
945,Ryan Anderson,0.09,0.15,0.12,0.06,0.01,0.01,0.08,0.42,0.38,0.47,0.52,0.86,208,108,2,
946,Ryan Bowen,0.1,0.1,0.1,0.04,0.04,0.01,0.08,0.69,0,0.69,0.69,0.72,201,97,4,
947,Ryan Gomes,0.04,0.13,0.09,0.07,0.01,0,0.11,0.41,0.26,0.47,0.45,0.78,201,113,5,
948,Ryan Hollins,0.1,0.13,0.11,0.03,0.01,0.04,0.2,0.58,0,0.58,0.58,0.6,213,108,3,
949,Ryan Kelly,0.03,0.17,0.1,0.1,0.01,0.02,0.1,0.35,0.3,0.37,0.41,0.79,211,104,0,
951,Salah Mejri,0.12,0.26,0.18,0.03,0.01,0.07,0.19,0.64,0.17,0.64,0.64,0.59,216,111,3,
952,Salim Stoudamire,0.01,0.06,0.04,0.12,0.01,0.01,0.09,0.36,0.34,0.38,0.44,0.82,185,81,1,
953,Sam Cassell,0.02,0.11,0.06,0.29,0.02,0,0.14,0.43,0.32,0.44,0.45,0.87,190,83,1,
954,Sam Dekker,0.04,0.17,0.1,0.04,0.05,0.01,0.08,0.47,0.32,0.59,0.54,0.56,206,104,4,
955,Sam Young,0.05,0.13,0.09,0.07,0.02,0.01,0.12,0.39,0.29,0.4,0.42,0.71,198,99,0,
956,Samardo Samuels,0.09,0.14,0.11,0.05,0.01,0.02,0.13,0.43,0,0.43,0.43,0.63,206,117,2,
957,Samuel Dalembert,0.13,0.26,0.19,0.04,0.01,0.05,0.18,0.51,0.17,0.51,0.51,0.73,211,115,3,
959,Sasha Pavlovic,0.01,0.11,0.06,0.09,0.01,0.02,0.13,0.37,0.32,0.41,0.44,0.48,211,122,0,
960,Sasha Vujacic,0.02,0.13,0.08,0.12,0.02,0,0.13,0.39,0.38,0.4,0.48,0.79,201,88,5,
962,Scott Machado,0,0.05,0.03,0.44,0.05,0,0.54,0.5,0,0.6,0.5,1,185,92,6,
963,Scotty Hopson,0,0,0,0.19,0.07,0,0,0,0,0,0,0.5,201,92,7,
964,Sean Kilpatrick,0.02,0.09,0.06,0.09,0.01,0,0.11,0.41,0.32,0.59,0.49,0.9,193,95,5,
965,Sean Marks,0.12,0.17,0.15,0.03,0.01,0.03,0.16,0.49,0.48,0.49,0.5,0.58,208,113,2,
966,Sean May,0.08,0.19,0.13,0.07,0.01,0.01,0.16,0.43,0.5,0.43,0.43,0.68,206,120,2,
967,Sean Singletary,0.04,0.1,0.07,0.14,0.02,0,0.19,0.36,0.4,0.35,0.42,0.89,183,83,1,
968,Sean Williams,0.12,0.15,0.13,0.06,0.02,0.06,0.23,0.52,0,0.52,0.52,0.75,208,106,3,
969,Sebastian Telfair,0.01,0.08,0.04,0.26,0.02,0.01,0.16,0.39,0.3,0.43,0.44,0.78,183,74,1,
970,Semaj Christon,0.02,0.08,0.05,0.18,0.01,0.01,0.15,0.35,0.19,0.41,0.37,0.55,190,86,0,
972,Serge Ibaka,0.09,0.19,0.14,0.04,0.01,0.06,0.11,0.51,0.34,0.53,0.54,0.77,208,106,2,
973,Sergey Karasev,0.02,0.12,0.07,0.1,0.01,0,0.19,0.38,0.27,0.5,0.45,0.86,201,94,5,
974,Sergio Rodriguez,0.03,0.08,0.05,0.33,0.02,0,0.22,0.43,0.34,0.46,0.48,0.72,190,79,1,
975,Seth Curry,0,0.11,0.06,0.08,0.04,0,0.05,0.32,0.58,0.2,0.43,0.84,188,83,1,
976,Shabazz Muhammad,0.08,0.11,0.09,0.05,0.01,0,0.08,0.47,0.32,0.51,0.5,0.73,198,101,5,
977,Shabazz Napier,0.02,0.1,0.06,0.21,0.02,0,0.19,0.37,0.35,0.39,0.46,0.77,185,79,1,
978,Shane Battier,0.04,0.11,0.08,0.09,0.02,0.02,0.11,0.42,0.37,0.48,0.53,0.74,203,99,5,
980,Shane Larkin,0.02,0.09,0.05,0.23,0.03,0,0.19,0.42,0.33,0.45,0.46,0.73,180,79,1,
981,Shannon Brown,0.03,0.08,0.05,0.09,0.02,0.01,0.15,0.39,0.28,0.41,0.43,0.75,193,92,5,
982,Shaquille O'Neal*,0.1,0.24,0.17,0.09,0.01,0.04,0.18,0.6,0,0.6,0.6,0.53,216,147,3,
984,Shaun Livingston,0.02,0.1,0.06,0.2,0.02,0.01,0.18,0.48,0.13,0.48,0.48,0.85,201,87,1,
985,Shavlik Randolph,0.17,0.2,0.19,0.07,0.01,0.02,0.14,0.38,0.25,0.39,0.38,0.59,208,108,2,
986,Shawn Long,0.19,0.21,0.2,0.11,0.02,0.03,0.1,0.56,0.37,0.6,0.59,0.54,206,115,3,
987,Shawn Marion,0.08,0.2,0.14,0.09,0.02,0.02,0.11,0.49,0.25,0.52,0.51,0.76,201,99,2,
988,Shawne Williams,0.06,0.15,0.1,0.06,0.01,0.02,0.09,0.37,0.28,0.45,0.45,0.82,185,91,5,
989,Shayne Whittington,0.12,0.19,0.15,0.1,0.02,0.02,0.19,0.45,0.08,0.53,0.46,0.64,211,113,3,
990,Shelden Williams,0.11,0.22,0.16,0.05,0.02,0.02,0.14,0.46,0,0.47,0.46,0.73,185,91,3,
991,Sheldon McClellan,0.02,0.12,0.07,0.07,0.01,0.01,0.05,0.4,0.23,0.51,0.45,0.85,196,90,5,
992,Shelvin Mack,0.01,0.1,0.06,0.27,0.02,0,0.2,0.44,0.29,0.54,0.49,0.69,190,92,1,
993,Sherron Collins,0,0.09,0.05,0.2,0.02,0,0.14,0.28,0.2,0.33,0.32,1,180,92,6,
995,Skal Labissiere,0.1,0.21,0.15,0.08,0.01,0.02,0.13,0.54,0.38,0.54,0.54,0.7,211,102,2,
996,Smush Parker,0.01,0.1,0.05,0.22,0.02,0.01,0.17,0.34,0.23,0.42,0.39,0.7,193,86,6,
998,Solomon Hill,0.04,0.13,0.09,0.09,0.02,0.01,0.16,0.41,0.33,0.49,0.49,0.84,201,102,5,
999,Solomon Jones,0.11,0.13,0.12,0.04,0.01,0.03,0.25,0.35,0.13,0.36,0.35,0.7,208,104,0,
1000,Sonny Weems,0.02,0.11,0.06,0.11,0.01,0,0.19,0.4,0.23,0.43,0.43,0.57,198,92,0,
1002,Spencer Dinwiddie,0.02,0.1,0.06,0.25,0.02,0.01,0.13,0.37,0.22,0.42,0.4,0.76,198,90,1,
1003,Spencer Hawes,0.07,0.22,0.14,0.14,0.01,0.03,0.14,0.46,0.33,0.5,0.5,0.74,216,111,2,
1004,Stanley Johnson,0.03,0.15,0.09,0.11,0.02,0.01,0.15,0.36,0.3,0.4,0.42,0.73,203,99,0,
1006,Stephen Curry,0.02,0.11,0.07,0.32,0.03,0.01,0.15,0.48,0.44,0.51,0.57,0.89,190,86,1,
1007,Stephen Graham,0.03,0.14,0.09,0.08,0.01,0.01,0.13,0.48,0.34,0.51,0.51,0.75,198,97,5,
1008,Stephen Jackson,0.02,0.12,0.07,0.16,0.02,0.01,0.16,0.39,0.29,0.45,0.44,0.77,190,83,1,
1010,Stephon Marbury,0.01,0.07,0.04,0.25,0.01,0,0.19,0.38,0.31,0.4,0.42,0.59,188,81,1,
1011,Steve Blake,0.01,0.09,0.05,0.26,0.02,0,0.2,0.4,0.38,0.42,0.51,0.77,190,78,1,
1012,Steve Francis,0.05,0.08,0.07,0.23,0.02,0.02,0.17,0.33,0.24,0.38,0.37,0.57,190,88,6,
1013,Steve Nash,0.01,0.09,0.05,0.46,0.01,0,0.22,0.49,0.41,0.52,0.55,0.92,190,88,1,
1014,Steve Novak,0.01,0.13,0.07,0.03,0,0.01,0.04,0.43,0.44,0.43,0.59,0.77,208,102,5,
1015,Steven Adams,0.13,0.17,0.15,0.05,0.01,0.03,0.17,0.56,0,0.56,0.56,0.57,213,115,3,
1018,Stromile Swift,0.09,0.18,0.14,0.04,0.01,0.04,0.17,0.48,0.5,0.48,0.49,0.59,206,102,2,
1020,Sundiata Gaines,0.04,0.11,0.07,0.23,0.03,0,0.17,0.4,0.27,0.48,0.45,0.5,185,83,6,
1021,T.J. Ford,0.03,0.09,0.06,0.32,0.02,0.01,0.19,0.44,0.25,0.47,0.45,0.81,201,92,1,
1022,T.J. McConnell,0.02,0.13,0.08,0.37,0.03,0,0.22,0.47,0.27,0.5,0.49,0.72,208,108,6,
1023,T.J. Warren,0.07,0.1,0.08,0.07,0.02,0.01,0.08,0.51,0.3,0.54,0.53,0.74,208,108,4,
1024,Taj Gibson,0.1,0.17,0.14,0.06,0.01,0.04,0.12,0.5,0.22,0.5,0.5,0.69,206,102,2,
1025,Tarence Kinsey,0.04,0.11,0.08,0.04,0.02,0,0.14,0.44,0.41,0.45,0.48,0.85,198,83,5,
1026,Tarik Black,0.13,0.22,0.17,0.05,0.01,0.02,0.14,0.55,0.17,0.55,0.55,0.56,206,113,3,
1027,Taurean Green,0,0.16,0.08,0.21,0.01,0,0.22,0.29,0.21,0.36,0.33,0.89,183,80,6,
1028,Taurean Waller-Prince,0.03,0.15,0.09,0.08,0.02,0.02,0.16,0.4,0.32,0.44,0.46,0.79,183,88,1,
1029,Taylor Griffin,0,0.07,0.04,0.04,0,0.04,0.08,0.4,0,0.5,0.4,0.5,201,107,0,
1030,Tayshaun Prince,0.04,0.13,0.08,0.12,0.01,0.01,0.08,0.45,0.39,0.46,0.48,0.73,206,96,5,
1031,Terrel Harris,0.07,0.18,0.12,0.1,0.01,0.01,0.3,0.21,0.05,0.29,0.23,0.65,196,86,0,
1032,Terrence Jones,0.07,0.24,0.15,0.06,0.02,0.06,0.08,0.42,0.29,0.45,0.44,0.64,206,114,2,
1033,Terrence Ross,0.02,0.11,0.06,0.07,0.02,0.01,0.08,0.43,0.37,0.49,0.52,0.8,201,93,5,
1034,Terrence Williams,0.02,0.18,0.1,0.19,0.02,0,0.17,0.41,0.31,0.42,0.44,0.6,198,99,5,
1035,Terry Rozier,0.06,0.15,0.1,0.16,0.01,0.01,0.12,0.32,0.27,0.35,0.37,0.79,188,86,0,
1036,Thabo Sefolosha,0.04,0.15,0.1,0.1,0.03,0.02,0.14,0.44,0.33,0.5,0.5,0.77,201,99,4,
1037,Thaddeus Young,0.07,0.15,0.11,0.09,0.02,0.01,0.1,0.5,0.3,0.52,0.52,0.67,203,100,4,
1039,Theo Ratliff,0.09,0.15,0.12,0.05,0.01,0.06,0.2,0.44,0,0.44,0.44,0.58,208,102,3,
1040,Thomas Gardner,0.04,0.06,0.05,0.04,0.01,0,0.11,0.32,0.21,0.47,0.38,0.25,196,102,0,
1041,Thomas Robinson,0.14,0.26,0.2,0.07,0.02,0.02,0.17,0.47,0,0.47,0.47,0.51,208,107,3,
1042,Thon Maker,0.08,0.15,0.12,0.06,0.01,0.04,0.08,0.46,0.38,0.51,0.54,0.65,216,97,2,
1043,Tiago Splitter,0.1,0.19,0.15,0.09,0.01,0.02,0.14,0.54,0.07,0.54,0.54,0.72,211,111,3,
1044,Tibor Pleiss,0.09,0.13,0.11,0.04,0.01,0.02,0.24,0.44,0,0.48,0.44,1,221,116,2,
1045,Tim Duncan,0.09,0.27,0.18,0.16,0.01,0.04,0.12,0.5,0.08,0.5,0.5,0.73,211,113,3,
1046,Tim Frazier,0.03,0.11,0.07,0.35,0.02,0,0.23,0.39,0.31,0.42,0.43,0.63,185,77,6,
1047,Tim Hardaway,0.01,0.09,0.05,0.11,0.01,0.01,0.08,0.43,0.35,0.5,0.51,0.82,183,79,1,
1049,Tim Quarterman,0.06,0.14,0.1,0.21,0.01,0.03,0.27,0.45,0.39,0.5,0.53,0,198,88,4,
1050,Tim Thomas,0.04,0.15,0.09,0.09,0.01,0.01,0.12,0.42,0.38,0.45,0.5,0.75,208,104,5,
1051,Timofey Mozgov,0.11,0.19,0.15,0.04,0.01,0.04,0.16,0.52,0.16,0.53,0.52,0.73,216,124,3,
1052,Timothe Luwawu-Cabarrot,0.02,0.12,0.07,0.1,0.01,0.01,0.15,0.4,0.31,0.48,0.47,0.85,198,92,5,
1053,Tobias Harris,0.05,0.18,0.11,0.09,0.01,0.02,0.1,0.47,0.32,0.51,0.5,0.81,190,86,5,
1054,Tomas Satoransky,0.04,0.09,0.07,0.17,0.02,0.01,0.19,0.42,0.24,0.48,0.45,0.7,201,95,5,
1055,Toney Douglas,0.03,0.11,0.07,0.18,0.02,0.01,0.14,0.39,0.32,0.45,0.47,0.8,188,88,1,
1056,Tony Allen,0.06,0.12,0.09,0.1,0.03,0.02,0.15,0.48,0.24,0.49,0.49,0.69,193,96,4,
1057,Tony Battie,0.05,0.2,0.13,0.05,0.01,0.02,0.09,0.42,0.28,0.43,0.43,0.73,211,104,2,
1058,Tony Mitchell,0.15,0.08,0.12,0.13,0.05,0.02,0.08,0.51,0.5,0.56,0.53,0.58,201,92,4,
1059,Tony Parker,0.01,0.08,0.05,0.34,0.01,0,0.13,0.5,0.33,0.51,0.51,0.77,188,83,1,
1060,Tony Snell,0.02,0.11,0.07,0.07,0.01,0.01,0.11,0.41,0.36,0.47,0.51,0.82,201,90,5,
1061,Tony Wroten,0.03,0.1,0.07,0.26,0.02,0.01,0.21,0.39,0.23,0.44,0.42,0.64,198,92,6,
1062,Tornike Shengelia,0.05,0.12,0.08,0.13,0.02,0,0.26,0.46,0.17,0.53,0.47,0.44,206,98,4,
1063,Toure' Murry,0.04,0.03,0.03,0.1,0.02,0,0.26,0.33,0.42,0.33,0.34,0.86,196,88,6,
1064,Tracy McGrady,0.03,0.14,0.08,0.24,0.01,0.02,0.12,0.4,0.35,0.43,0.44,0.72,203,95,5,
1065,Travis Diener,0.01,0.08,0.04,0.23,0.03,0,0.04,0.28,0.21,0.34,0.35,0.49,185,79,6,
1067,Travis Outlaw,0.05,0.14,0.09,0.07,0.01,0.02,0.09,0.4,0.35,0.42,0.45,0.77,206,95,5,
1068,Travis Wear,0.05,0.13,0.09,0.1,0.01,0.01,0.14,0.4,0.37,0.41,0.43,0.77,208,104,5,
1069,Trenton Hassell,0.04,0.1,0.07,0.08,0.01,0.01,0.14,0.42,0.18,0.43,0.43,0.7,196,90,0,
1070,Treveon Graham,0.03,0.1,0.06,0.05,0.02,0.01,0.06,0.48,0.6,0.4,0.59,0.67,198,99,5,
1071,Trevor Ariza,0.04,0.15,0.1,0.12,0.03,0.01,0.12,0.44,0.31,0.5,0.5,0.72,203,97,4,
1072,Trevor Booker,0.11,0.19,0.15,0.08,0.02,0.02,0.13,0.52,0.21,0.53,0.53,0.62,203,103,3,
1073,Trey Burke,0.02,0.08,0.05,0.24,0.01,0,0.12,0.4,0.36,0.43,0.47,0.81,185,86,1,
1075,Trey Johnson,0.02,0.08,0.05,0.1,0,0,0.12,0.39,0.33,0.39,0.39,0.96,196,98,5,
1076,Trey Lyles,0.05,0.19,0.12,0.08,0.01,0.01,0.12,0.4,0.35,0.43,0.47,0.71,208,106,2,
1077,Trey Thompkins,0.04,0.2,0.12,0.05,0.01,0.02,0.09,0.39,0.31,0.42,0.43,0.71,206,107,2,
1078,Tristan Thompson,0.14,0.21,0.17,0.04,0.01,0.02,0.12,0.52,0,0.52,0.52,0.6,206,107,3,
1079,Troy Daniels,0.02,0.08,0.05,0.09,0.01,0,0.1,0.4,0.4,0.42,0.55,0.8,193,92,5,
1080,Troy Hudson,0,0.08,0.04,0.13,0.02,0,0.17,0.29,0.33,0.26,0.36,1,185,77,6,
1081,Troy Murphy,0.06,0.23,0.14,0.08,0.02,0.01,0.12,0.42,0.3,0.48,0.48,0.75,211,111,2,
1082,Troy Williams,0.04,0.11,0.08,0.07,0.02,0.01,0.15,0.45,0.31,0.54,0.51,0.7,198,97,4,
1083,Ty Lawson,0.03,0.08,0.05,0.31,0.02,0,0.16,0.45,0.36,0.48,0.49,0.73,180,88,1,
1084,Tyler Ennis,0.02,0.08,0.05,0.26,0.02,0.01,0.21,0.41,0.34,0.44,0.46,0.77,190,87,1,
1085,Tyler Hansbrough,0.12,0.17,0.14,0.04,0.02,0.01,0.1,0.44,0.12,0.45,0.45,0.72,206,113,2,
1086,Tyler Honeycutt,0.07,0.2,0.13,0.1,0.01,0.02,0.18,0.3,0.17,0.33,0.31,0.8,203,85,0,
1087,Tyler Johnson,0.03,0.12,0.08,0.14,0.02,0.01,0.12,0.45,0.38,0.48,0.5,0.75,193,84,5,
1088,Tyler Ulis,0.02,0.08,0.05,0.31,0.02,0,0.14,0.42,0.27,0.46,0.45,0.78,178,68,1,
1089,Tyler Zeller,0.09,0.18,0.14,0.09,0.01,0.03,0.12,0.5,0,0.5,0.5,0.74,213,114,3,
1090,Tyreke Evans,0.03,0.15,0.09,0.26,0.02,0.01,0.14,0.43,0.31,0.46,0.47,0.76,198,99,1,
1091,Tyronn Lue,0.01,0.08,0.05,0.17,0.01,0,0.1,0.44,0.45,0.44,0.52,0.67,183,79,1,
1092,Tyrus Thomas,0.07,0.18,0.12,0.09,0.02,0.04,0.12,0.49,0.15,0.5,0.5,0.77,206,97,2,
1093,Tyshawn Taylor,0.01,0.07,0.04,0.19,0.03,0,0.22,0.35,0.36,0.35,0.38,0.68,190,83,6,
1094,Tyson Chandler,0.13,0.25,0.19,0.04,0.01,0.03,0.17,0.62,0,0.63,0.62,0.67,216,108,3,
1095,Tyus Jones,0.01,0.08,0.05,0.28,0.03,0.01,0.16,0.39,0.33,0.42,0.45,0.74,188,88,6,
1096,Udonis Haslem,0.08,0.24,0.16,0.05,0.01,0.01,0.12,0.47,0.1,0.49,0.48,0.73,203,106,2,
1097,Vander Blue,0.01,0.17,0.09,0.14,0.01,0,0.2,0.4,0.1,0.51,0.42,0.3,193,90,0,
1100,Victor Claver,0.05,0.18,0.11,0.06,0.01,0.01,0.18,0.42,0.33,0.47,0.5,0.69,206,101,2,
1101,Victor Oladipo,0.02,0.13,0.07,0.18,0.02,0.01,0.14,0.43,0.34,0.47,0.48,0.8,193,95,1,
1102,Viktor Khryapa,0.06,0.16,0.11,0.12,0.03,0,0.14,0.39,0,0.4,0.39,0.57,206,95,0,
1103,Vince Carter,0.03,0.13,0.08,0.15,0.02,0.01,0.1,0.42,0.36,0.45,0.49,0.8,198,99,5,
1104,Vitor Faverani,0.1,0.21,0.15,0.05,0.02,0.04,0.2,0.44,0.3,0.49,0.48,0.65,211,117,2,
1105,Vladimir Radmanovic,0.06,0.15,0.1,0.09,0.02,0.01,0.14,0.39,0.34,0.44,0.49,0.75,208,102,5,
1106,Von Wafer,0.01,0.11,0.06,0.08,0.01,0.01,0.13,0.36,0.25,0.43,0.41,0.7,196,95,0,
1107,Wade Baldwin,0.03,0.1,0.07,0.23,0.02,0.02,0.23,0.31,0.14,0.36,0.33,0.84,193,91,6,
1108,Walker Russell,0.02,0.07,0.04,0.26,0.03,0,0.24,0.35,0.31,0.35,0.37,0.64,196,88,6,
1109,Wally Szczerbiak,0.03,0.13,0.08,0.1,0.01,0.01,0.09,0.43,0.4,0.44,0.49,0.86,198,95,5,
1110,Walter Herrmann,0.06,0.16,0.11,0.07,0.01,0,0.07,0.39,0.32,0.45,0.47,0.83,206,102,5,
1111,Walter Sharpe,0,0.18,0.09,0,0,0.08,0,0.36,0,0.44,0.36,0,206,111,3,
1113,Wayne Ellington,0.02,0.1,0.06,0.09,0.01,0,0.09,0.42,0.38,0.44,0.5,0.86,193,90,5,
1114,Wayne Selden,0,0.08,0.04,0.07,0.02,0,0.17,0.49,0.32,0.73,0.6,0.6,196,104,4,
1115,Wesley Johnson,0.03,0.14,0.08,0.07,0.02,0.02,0.11,0.4,0.33,0.47,0.48,0.72,201,97,5,
1116,Wesley Matthews,0.02,0.09,0.06,0.1,0.02,0,0.1,0.43,0.38,0.48,0.53,0.82,185,77,1,
1117,Will Barton,0.03,0.15,0.09,0.14,0.02,0.01,0.13,0.42,0.28,0.46,0.45,0.77,198,79,5,
1118,Will Bynum,0.02,0.08,0.05,0.32,0.02,0,0.17,0.42,0.23,0.46,0.44,0.76,183,83,1,
1119,Will Cherry,0.02,0.07,0.04,0.16,0.05,0.01,0.16,0.26,0.22,0.3,0.32,0.5,183,83,6,
1120,Will Conroy,0.03,0.05,0.04,0.14,0,0,0.13,0.15,0,0.21,0.15,0.25,188,88,7,
1121,Will Solomon,0.02,0.09,0.06,0.25,0.02,0,0.15,0.42,0.35,0.46,0.49,0.69,185,83,1,
1122,Willie Cauley-Stein,0.09,0.19,0.14,0.07,0.02,0.03,0.11,0.55,0,0.55,0.55,0.66,213,108,3,
1123,Willie Green,0.02,0.08,0.05,0.11,0.01,0.01,0.1,0.43,0.36,0.46,0.49,0.79,193,90,5,
1124,Willie Reed,0.13,0.21,0.17,0.04,0.01,0.05,0.09,0.57,0.25,0.57,0.57,0.55,206,106,3,
1125,Willie Warren,0.01,0.1,0.05,0.3,0.02,0,0.17,0.37,0.33,0.4,0.44,0.75,193,92,1,
1126,Willy Hernangomez,0.14,0.27,0.2,0.12,0.02,0.02,0.16,0.53,0.27,0.54,0.53,0.73,211,108,3,
1127,Wilson Chandler,0.04,0.16,0.1,0.09,0.01,0.02,0.11,0.44,0.33,0.48,0.49,0.77,203,102,5,
1128,Xavier Henry,0.03,0.09,0.06,0.06,0.02,0.01,0.11,0.37,0.31,0.38,0.39,0.62,198,99,0,
1129,Xavier Munford,0.01,0.14,0.07,0.14,0.03,0.01,0.15,0.42,0.39,0.43,0.47,0.5,196,90,4,
1130,Xavier Silas,0.06,0.06,0.06,0.11,0,0,0.16,0.27,0.17,0.33,0.3,0.67,196,92,0,
1131,Yakhouba Diawara,0.04,0.08,0.06,0.08,0.01,0,0.13,0.32,0.27,0.4,0.4,0.62,201,102,0,
1132,Yao Ming*,0.09,0.24,0.17,0.1,0,0.05,0.15,0.51,0.5,0.51,0.51,0.88,229,140,2,
1133,Yi Jianlian,0.07,0.19,0.13,0.05,0.01,0.02,0.12,0.4,0.31,0.41,0.42,0.75,213,108,2,
1134,Yogi Ferrell,0.02,0.08,0.05,0.21,0.01,0.01,0.16,0.4,0.36,0.43,0.48,0.78,183,81,1,
1135,Zabian Dowdell,0.02,0.06,0.04,0.28,0.04,0.01,0.18,0.41,0.3,0.42,0.42,0.94,190,86,6,
1136,Zach LaVine,0.01,0.1,0.06,0.18,0.01,0.01,0.14,0.44,0.37,0.48,0.51,0.82,196,85,1,
1137,Zach Randolph,0.11,0.25,0.18,0.11,0.01,0.01,0.11,0.47,0.25,0.48,0.48,0.75,206,117,2,
1138,Zaza Pachulia,0.12,0.21,0.17,0.1,0.02,0.01,0.18,0.47,0,0.48,0.47,0.75,211,122,3,
1139,Zoran Dragic,0.1,0.06,0.08,0.11,0.01,0,0.1,0.34,0.18,0.54,0.38,0.59,196,90,0,
1140,Zydrunas Ilgauskas,0.12,0.2,0.16,0.06,0.01,0.04,0.12,0.47,0.22,0.48,0.48,0.78,221,107,2,
1141,Zion Williamson,0.04,0.19,0.12,0.37,0.02,0.02,0.13,0.52,0.35,0.57,0.56,0.74,203,113,4,
1142,Ja Morant,0.02,0.07,0.05,0.24,0.02,0,0.14,0.45,0.41,0.47,0.47,0.74,183,74,1,
1143,RJ Barrett,0.03,0.13,0.08,0.11,0.01,0.01,0.13,0.47,0.33,0.49,0.49,0.78,203,102,5,
1144,De'Andre Hunter,0.05,0.16,0.1,0.06,0.03,0.01,0.12,0.4,0.36,0.51,0.52,0.81,206,97,4,
1145,Darius Garland,0.01,0.09,0.05,0.32,0.02,0.01,0.16,0.44,0.34,0.47,0.48,0.84,188,84,1,
1146,Jarrett Culver,0.02,0.16,0.09,0.16,0.02,0.01,0.14,0.44,0.37,0.49,0.52,0.82,201,106,5,
1147,Coby White,0.03,0.11,0.07,0.14,0.01,0.01,0.13,0.4,0.33,0.47,0.48,0.88,193,93,5,
1148,Jaxson Hayes,0.11,0.25,0.18,0.01,0.01,0.07,0.13,0.56,0.36,0.56,0.56,0.55,213,120,3,
1149,Rui Hachimura,0.09,0.2,0.15,0.13,0.02,0.03,0.12,0.49,0.24,0.51,0.51,0.74,203,111,2,
1150,Cam Reddish,0.02,0.1,0.06,0.19,0.01,0,0.11,0.44,0.38,0.48,0.51,0.82,201,90,5,
1151,Cameron Johnson,0.02,0.12,0.06,0.03,0.01,0.01,0.05,0.18,0.15,0.49,0.23,0.86,201,104,0,
1152,P. J. Washington,0.07,0.19,0.13,0.15,0.01,0.02,0.12,0.5,0.27,0.5,0.5,0.81,206,113,2,
1153,Tyler Herro,0.02,0.09,0.06,0.11,0.01,0.01,0.1,0.45,0.42,0.48,0.54,0.85,201,97,5,
1154,Romeo Langford,0.03,0.08,0.05,0.22,0.01,0,0.12,0.44,0.36,0.46,0.47,0.84,198,83,1,
1155,Sekou Doumbouya,0.05,0.2,0.12,0.18,0.02,0.03,0.16,0.48,0.26,0.51,0.51,0.73,211,100,2,
1156,Chuma Okeke,0.1,0.23,0.16,0.03,0.01,0.02,0.14,0.43,0.32,0.45,0.45,0.69,208,108,2,
1157,Nickeil Alexander-Walker,0.05,0.11,0.08,0.18,0.02,0.01,0.14,0.41,0.37,0.46,0.51,0.77,185,83,1,
1158,Goga Bitadze,0.11,0.26,0.18,0.12,0.01,0.02,0.11,0.5,0.25,0.5,0.5,0.69,213,117,2,
1159,Luka amani?,0.06,0.21,0.13,0.14,0.01,0.01,0.15,0.41,0.31,0.47,0.47,0.78,208,101,2,
1160,Matisse Thybulle,0.07,0.14,0.11,0.05,0.02,0.02,0.14,0.48,0.24,0.6,0.52,0.55,196,83,4,
1161,Brandon Clarke,0.07,0.18,0.12,0.08,0.02,0.03,0.12,0.5,0.21,0.5,0.5,0.59,206,106,2,
1162,Grant Williams,0.05,0.21,0.14,0.18,0.02,0.03,0.17,0.42,0.32,0.47,0.47,0.71,201,104,2,
1163,Darius Bazley,0.05,0.16,0.1,0.06,0.03,0.01,0.12,0.4,0.36,0.51,0.52,0.81,206,97,4,
1164,Ty Jerome,0.04,0.12,0.08,0.13,0.01,0.01,0.12,0.42,0.36,0.44,0.46,0.76,198,97,5,
1165,Nassir Little,0.03,0.14,0.08,0.06,0.01,0.05,0.12,0.41,0.26,0.46,0.46,0.6,203,95,2,
1166,Dylan Windler,0.01,0.1,0.06,0.12,0,0.01,0.15,0.36,0.42,0.14,0.53,1,201,97,5,
1167,Mfiondu Kabengele,0.09,0.19,0.14,0.04,0.01,0.06,0.11,0.51,0.34,0.53,0.54,0.77,208,106,2,
1168,Jordan Poole,0.05,0.11,0.08,0.14,0.02,0.01,0.1,0.44,0.32,0.47,0.47,0.81,201,99,5,
1169,Keldon Johnson,0.03,0.09,0.06,0.06,0.02,0.01,0.11,0.37,0.31,0.38,0.39,0.62,198,99,0,
1170,Kevin Porter Jr.,0.02,0.13,0.07,0.18,0.02,0.01,0.14,0.43,0.34,0.47,0.48,0.8,193,95,1,
1171,Nicolas Claxton,0.09,0.21,0.15,0.07,0.01,0.02,0.12,0.49,0.1,0.5,0.5,0.67,185,83,4,
1172,KZ Okpala,0.03,0.13,0.08,0.11,0.01,0.01,0.13,0.4,0.29,0.44,0.44,0.62,206,86,5,
1173,Carsen Edwards,0.02,0.08,0.05,0.29,0.02,0,0.13,0.44,0.37,0.48,0.51,0.87,185,81,1,
1174,Bruno Fernando,0.12,0.25,0.18,0.05,0.01,0.04,0.13,0.53,0.36,0.54,0.53,0.56,208,114,3,
1175,Daniel Gafford,0.11,0.2,0.15,0.03,0.01,0.06,0.13,0.54,0.2,0.54,0.54,0.59,213,122,3,
1176,Alen Smailagi?,0.12,0.26,0.19,0.23,0.02,0.02,0.14,0.55,0.33,0.58,0.57,0.82,208,113,2,
1177,Eric Paschall,0.09,0.19,0.14,0.05,0.03,0.01,0.25,0.43,0.36,0.43,0.43,0.29,201,118,4,
1178,Admiral Schofield,0.05,0.17,0.11,0.08,0.02,0.02,0.12,0.42,0.29,0.53,0.49,0.79,198,103,4,
1179,Jaylen Nowell,0.02,0.1,0.06,0.12,0.02,0.01,0.11,0.41,0.35,0.45,0.48,0.76,193,93,5,
1180,Bol Bol,0.06,0.19,0.13,0.08,0.01,0.05,0.1,0.44,0.35,0.47,0.49,0.81,221,108,2,
